<?xml version="1.0" encoding="UTF-8"?>
<kml xmlns="http://www.opengis.net/kml/2.2">
  <Document>

    <Placemark>
      <name>土庫鎮樺江土資場(樺江砂石行)(依雲林縣政府94.10.4府工石字第0941405165號函註銷設置許可書及啟用同意書)</name>
      <description><![CDATA[
                <b>名稱:</b> 土庫鎮樺江土資場(樺江砂石行)(依雲林縣政府94.10.4府工石字第0941405165號函註銷設置許可書及啟用同意書)<br/>
                <b>縣市:</b> 雲林縣<br/>
                <b>類型:</b> 專設場-轉運型-<br/>
                <b>剩餘填埋量:</b> 47210.0<br/>
                <b>核准填埋量:</b> 47210.0<br/>
                <b>面積:</b> 1.2152<br/>
                <b>申報日期:</b> 2001-01-01 00:00:00<br/>
                <b>流向編號:</b> <br/>
                ]]></description>
      <Point>
        <coordinates>23.681795926449,120.34048774088,0</coordinates>
      </Point>
    </Placemark>

    <Placemark>
      <name>&#22531;裕開發股份有限公司(台東豐年場)</name>
      <description><![CDATA[
                <b>名稱:</b> &#22531;裕開發股份有限公司(台東豐年場)<br/>
                <b>縣市:</b> 台東縣<br/>
                <b>類型:</b> 土資場-填埋型-<br/>
                <b>剩餘填埋量:</b> 0.0<br/>
                <b>核准填埋量:</b> 0.0<br/>
                <b>面積:</b> 0.557<br/>
                <b>申報日期:</b> 2004-11-23 00:00:00<br/>
                <b>流向編號:</b> <br/>
                ]]></description>
      <Point>
        <coordinates>22.774509905228,121.12326777322,0</coordinates>
      </Point>
    </Placemark>

    <Placemark>
      <name>崙背鄉尚建企業公司土石方資源堆置場(94.10.24許可年限屆滿停止營運)</name>
      <description><![CDATA[
                <b>名稱:</b> 崙背鄉尚建企業公司土石方資源堆置場(94.10.24許可年限屆滿停止營運)<br/>
                <b>縣市:</b> 雲林縣<br/>
                <b>類型:</b> 土資場-轉運型-<br/>
                <b>剩餘填埋量:</b> 79930.0<br/>
                <b>核准填埋量:</b> 79930.0<br/>
                <b>面積:</b> 1.1256<br/>
                <b>申報日期:</b> None<br/>
                <b>流向編號:</b> DAH00003<br/>
                ]]></description>
      <Point>
        <coordinates>23.792326592247,120.324639256,0</coordinates>
      </Point>
    </Placemark>

    <Placemark>
      <name>鴨母坑土資場</name>
      <description><![CDATA[
                <b>名稱:</b> 鴨母坑土資場<br/>
                <b>縣市:</b> 苗栗縣<br/>
                <b>類型:</b> 土資場-轉運型-<br/>
                <b>剩餘填埋量:</b> 0.0<br/>
                <b>核准填埋量:</b> 3396000.0<br/>
                <b>面積:</b> 16.95<br/>
                <b>申報日期:</b> 2001-01-01 00:00:00<br/>
                <b>流向編號:</b> DAH00004<br/>
                ]]></description>
      <Point>
        <coordinates>24.533556576066,120.77375923878,0</coordinates>
      </Point>
    </Placemark>

    <Placemark>
      <name>安南區科技園區成大用地公有棄土場(第一期)(依台南市政府94.11.4南市工建字第09431085970號函暫時停止進場使用)</name>
      <description><![CDATA[
                <b>名稱:</b> 安南區科技園區成大用地公有棄土場(第一期)(依台南市政府94.11.4南市工建字第09431085970號函暫時停止進場使用)<br/>
                <b>縣市:</b> 台南市<br/>
                <b>類型:</b> 土資場-填埋型-<br/>
                <b>剩餘填埋量:</b> 250000.0<br/>
                <b>核准填埋量:</b> 850000.0<br/>
                <b>面積:</b> 24.0<br/>
                <b>申報日期:</b> None<br/>
                <b>流向編號:</b> DAH00006<br/>
                ]]></description>
      <Point>
        <coordinates>23.050784744437,120.19270268739,0</coordinates>
      </Point>
    </Placemark>

    <Placemark>
      <name>小港區大林蒲填海工程南星計畫中程計畫第二工區</name>
      <description><![CDATA[
                <b>名稱:</b> 小港區大林蒲填海工程南星計畫中程計畫第二工區<br/>
                <b>縣市:</b> 高雄市<br/>
                <b>類型:</b> 土資場-填埋型-填海造地<br/>
                <b>剩餘填埋量:</b> 0.0<br/>
                <b>核准填埋量:</b> 13000000.0<br/>
                <b>面積:</b> 112.85<br/>
                <b>申報日期:</b> 2000-01-25 00:00:00<br/>
                <b>流向編號:</b> DAH00008<br/>
                ]]></description>
      <Point>
        <coordinates>22.522850532893,120.33760612886,0</coordinates>
      </Point>
    </Placemark>

    <Placemark>
      <name>田寮區宜鼎棄土場</name>
      <description><![CDATA[
                <b>名稱:</b> 田寮區宜鼎棄土場<br/>
                <b>縣市:</b> 高雄市<br/>
                <b>類型:</b> 土資場-填埋型-土地改良場<br/>
                <b>剩餘填埋量:</b> 107497.0<br/>
                <b>核准填埋量:</b> 1700000.0<br/>
                <b>面積:</b> 56716.0<br/>
                <b>申報日期:</b> 1996-05-22 00:00:00<br/>
                <b>流向編號:</b> DAH00009<br/>
                ]]></description>
      <Point>
        <coordinates>22.8450625,120.4024375,0</coordinates>
      </Point>
    </Placemark>

    <Placemark>
      <name>臺東縣東河鄉公有營建工程剩餘土石方堆置場</name>
      <description><![CDATA[
                <b>名稱:</b> 臺東縣東河鄉公有營建工程剩餘土石方堆置場<br/>
                <b>縣市:</b> 台東縣<br/>
                <b>類型:</b> 土資場-填埋型-<br/>
                <b>剩餘填埋量:</b> 0.0<br/>
                <b>核准填埋量:</b> 100000.0<br/>
                <b>面積:</b> 2.93<br/>
                <b>申報日期:</b> 2002-07-12 00:00:00<br/>
                <b>流向編號:</b> DAH00011<br/>
                ]]></description>
      <Point>
        <coordinates>22.893382967878,121.23712009372,0</coordinates>
      </Point>
    </Placemark>

    <Placemark>
      <name>沙港土資場</name>
      <description><![CDATA[
                <b>名稱:</b> 沙港土資場<br/>
                <b>縣市:</b> 澎湖縣<br/>
                <b>類型:</b> 土資場-填埋型-<br/>
                <b>剩餘填埋量:</b> 0.0<br/>
                <b>核准填埋量:</b> 0.0<br/>
                <b>面積:</b> 19790.0<br/>
                <b>申報日期:</b> 2002-04-12 00:00:00<br/>
                <b>流向編號:</b> DAH00012<br/>
                ]]></description>
      <Point>
        <coordinates>23.6009841,119.6185643,0</coordinates>
      </Point>
    </Placemark>

    <Placemark>
      <name>土庫鎮懷鼎土石方資源堆置場(許可年限已屆滿)</name>
      <description><![CDATA[
                <b>名稱:</b> 土庫鎮懷鼎土石方資源堆置場(許可年限已屆滿)<br/>
                <b>縣市:</b> 雲林縣<br/>
                <b>類型:</b> 土資場-轉運型-<br/>
                <b>剩餘填埋量:</b> 2000000.0<br/>
                <b>核准填埋量:</b> 0.0<br/>
                <b>面積:</b> 1.0101<br/>
                <b>申報日期:</b> 2002-01-22 00:00:00<br/>
                <b>流向編號:</b> DAH00018<br/>
                ]]></description>
      <Point>
        <coordinates>23.664583052266,120.33675981256,0</coordinates>
      </Point>
    </Placemark>

    <Placemark>
      <name>斗南鎮昌鴻土石方資源堆置場(依據雲林縣政府函發文字號府水管字第0962900085號即日起96年4月10日年限屆滿停止營運)</name>
      <description><![CDATA[
                <b>名稱:</b> 斗南鎮昌鴻土石方資源堆置場(依據雲林縣政府函發文字號府水管字第0962900085號即日起96年4月10日年限屆滿停止營運)<br/>
                <b>縣市:</b> 雲林縣<br/>
                <b>類型:</b> 土資場-填埋型-<br/>
                <b>剩餘填埋量:</b> 79250.0<br/>
                <b>核准填埋量:</b> 79250.0<br/>
                <b>面積:</b> 1.028<br/>
                <b>申報日期:</b> None<br/>
                <b>流向編號:</b> DAH00020<br/>
                ]]></description>
      <Point>
        <coordinates>23.670246811938,120.4764209719,0</coordinates>
      </Point>
    </Placemark>

    <Placemark>
      <name>集集鎮土石方資源堆置處理場</name>
      <description><![CDATA[
                <b>名稱:</b> 集集鎮土石方資源堆置處理場<br/>
                <b>縣市:</b> 南投縣<br/>
                <b>類型:</b> 土資場-填埋型-<br/>
                <b>剩餘填埋量:</b> 0.0<br/>
                <b>核准填埋量:</b> 170783.0<br/>
                <b>面積:</b> 96910.22<br/>
                <b>申報日期:</b> 2001-12-27 00:00:00<br/>
                <b>流向編號:</b> DAH00021<br/>
                ]]></description>
      <Point>
        <coordinates>23.8290039,120.7498506,0</coordinates>
      </Point>
    </Placemark>

    <Placemark>
      <name>芎林鄉建潮實業股份有限公司土資場(砂石場)</name>
      <description><![CDATA[
                <b>名稱:</b> 芎林鄉建潮實業股份有限公司土資場(砂石場)<br/>
                <b>縣市:</b> 新竹縣<br/>
                <b>類型:</b> 土資場-加工型-砂石場<br/>
                <b>剩餘填埋量:</b> 0.0<br/>
                <b>核准填埋量:</b> 0.0<br/>
                <b>面積:</b> 38840.0<br/>
                <b>申報日期:</b> 2001-11-08 00:00:00<br/>
                <b>流向編號:</b> DAH00022<br/>
                ]]></description>
      <Point>
        <coordinates>24.74333,121.10355,0</coordinates>
      </Point>
    </Placemark>

    <Placemark>
      <name>蘇澳鎮公有棄土場--停止營運於2008/9/18</name>
      <description><![CDATA[
                <b>名稱:</b> 蘇澳鎮公有棄土場--停止營運於2008/9/18<br/>
                <b>縣市:</b> 宜蘭縣<br/>
                <b>類型:</b> 土資場-填埋型-<br/>
                <b>剩餘填埋量:</b> 33193.0<br/>
                <b>核准填埋量:</b> 35000.0<br/>
                <b>面積:</b> 2.5<br/>
                <b>申報日期:</b> 2001-02-01 00:00:00<br/>
                <b>流向編號:</b> DAH00036<br/>
                ]]></description>
      <Point>
        <coordinates>24.59737039027,121.83966593091,0</coordinates>
      </Point>
    </Placemark>

    <Placemark>
      <name>基隆市大水窟土資場</name>
      <description><![CDATA[
                <b>名稱:</b> 基隆市大水窟土資場<br/>
                <b>縣市:</b> 基隆市<br/>
                <b>類型:</b> 土資場-填埋型-<br/>
                <b>剩餘填埋量:</b> 0.0<br/>
                <b>核准填埋量:</b> 12422303.77<br/>
                <b>面積:</b> 53.1983<br/>
                <b>申報日期:</b> 1998-12-17 00:00:00<br/>
                <b>流向編號:</b> DAH00047<br/>
                ]]></description>
      <Point>
        <coordinates>25.116174802585,121.7533089825,0</coordinates>
      </Point>
    </Placemark>

    <Placemark>
      <name>石碇鄉新興坑棄土場(93.10.27停止)</name>
      <description><![CDATA[
                <b>名稱:</b> 石碇鄉新興坑棄土場(93.10.27停止)<br/>
                <b>縣市:</b> 新北市<br/>
                <b>類型:</b> 土資場-填埋型-<br/>
                <b>剩餘填埋量:</b> 266000.0<br/>
                <b>核准填埋量:</b> 1519624.8<br/>
                <b>面積:</b> 11.0<br/>
                <b>申報日期:</b> 2001-05-11 00:00:00<br/>
                <b>流向編號:</b> DAH00049<br/>
                ]]></description>
      <Point>
        <coordinates>24.948276019953,121.62827307773,0</coordinates>
      </Point>
    </Placemark>

    <Placemark>
      <name>幸福水泥東澳廠料源堆置場</name>
      <description><![CDATA[
                <b>名稱:</b> 幸福水泥東澳廠料源堆置場<br/>
                <b>縣市:</b> 宜蘭縣<br/>
                <b>類型:</b> 土資場-加工型-水泥場<br/>
                <b>剩餘填埋量:</b> 200000.0<br/>
                <b>核准填埋量:</b> 200000.0<br/>
                <b>面積:</b> 30000.0<br/>
                <b>申報日期:</b> 1900-01-01 00:00:00<br/>
                <b>流向編號:</b> DAH00051<br/>
                ]]></description>
      <Point>
        <coordinates>0.0,0.0,0</coordinates>
      </Point>
    </Placemark>

    <Placemark>
      <name>西青蒲衛生掩埋場</name>
      <description><![CDATA[
                <b>名稱:</b> 西青蒲衛生掩埋場<br/>
                <b>縣市:</b> 高雄市<br/>
                <b>類型:</b> 土資場-填埋型-衛生掩埋場<br/>
                <b>剩餘填埋量:</b> 800000.0<br/>
                <b>核准填埋量:</b> 800000.0<br/>
                <b>面積:</b> 10.0<br/>
                <b>申報日期:</b> None<br/>
                <b>流向編號:</b> DAH00058<br/>
                ]]></description>
      <Point>
        <coordinates>22.612225752602,120.32433464285,0</coordinates>
      </Point>
    </Placemark>

    <Placemark>
      <name>寶山鄉寶山土石方處理及資源堆置場</name>
      <description><![CDATA[
                <b>名稱:</b> 寶山鄉寶山土石方處理及資源堆置場<br/>
                <b>縣市:</b> 新竹縣<br/>
                <b>類型:</b> 土資場-填埋型-坑洞填埋<br/>
                <b>剩餘填埋量:</b> 169881.42<br/>
                <b>核准填埋量:</b> 400000.0<br/>
                <b>面積:</b> 48737.0<br/>
                <b>申報日期:</b> 2001-10-03 00:00:00<br/>
                <b>流向編號:</b> DAH00059<br/>
                ]]></description>
      <Point>
        <coordinates>24.711210173445,120.97098245611,0</coordinates>
      </Point>
    </Placemark>

    <Placemark>
      <name>關山鎮營建廢棄土場</name>
      <description><![CDATA[
                <b>名稱:</b> 關山鎮營建廢棄土場<br/>
                <b>縣市:</b> 台東縣<br/>
                <b>類型:</b> 土資場-填埋型-<br/>
                <b>剩餘填埋量:</b> 0.0<br/>
                <b>核准填埋量:</b> 250000.0<br/>
                <b>面積:</b> 4.0<br/>
                <b>申報日期:</b> 2003-05-01 00:00:00<br/>
                <b>流向編號:</b> DAH00061<br/>
                ]]></description>
      <Point>
        <coordinates>23.027327502367,121.17361212806,0</coordinates>
      </Point>
    </Placemark>

    <Placemark>
      <name>寶山鄉沙湖壢土石方資源堆置場(三杰營造有限公司)</name>
      <description><![CDATA[
                <b>名稱:</b> 寶山鄉沙湖壢土石方資源堆置場(三杰營造有限公司)<br/>
                <b>縣市:</b> 新竹縣<br/>
                <b>類型:</b> 土資場-填埋型-<br/>
                <b>剩餘填埋量:</b> 20475.0<br/>
                <b>核准填埋量:</b> 84125.0<br/>
                <b>面積:</b> 3.0155<br/>
                <b>申報日期:</b> 2002-01-09 00:00:00<br/>
                <b>流向編號:</b> DAH00062<br/>
                ]]></description>
      <Point>
        <coordinates>24.746976784347,121.03033207561,0</coordinates>
      </Point>
    </Placemark>

    <Placemark>
      <name>超敏益工程實業有限公司</name>
      <description><![CDATA[
                <b>名稱:</b> 超敏益工程實業有限公司<br/>
                <b>縣市:</b> 新竹縣<br/>
                <b>類型:</b> 土資場-轉運型-<br/>
                <b>剩餘填埋量:</b> 0.0<br/>
                <b>核准填埋量:</b> 885062.0<br/>
                <b>面積:</b> 42748.0<br/>
                <b>申報日期:</b> 2002-01-09 00:00:00<br/>
                <b>流向編號:</b> DAH00064<br/>
                ]]></description>
      <Point>
        <coordinates>24.683635819142,121.0571016306,0</coordinates>
      </Point>
    </Placemark>

    <Placemark>
      <name>93.11.1起暫停營運-員山鄉晉城土石資源堆置場(晉城建設實業有限公司(宜蘭縣政府將本場於93.11.1起暫停營運)(宜蘭縣政府95.2.15府建管字第0940150962號函廢止設置許可，自95.2.15起生效)</name>
      <description><![CDATA[
                <b>名稱:</b> 93.11.1起暫停營運-員山鄉晉城土石資源堆置場(晉城建設實業有限公司(宜蘭縣政府將本場於93.11.1起暫停營運)(宜蘭縣政府95.2.15府建管字第0940150962號函廢止設置許可，自95.2.15起生效)<br/>
                <b>縣市:</b> 宜蘭縣<br/>
                <b>類型:</b> 土資場-加工型-<br/>
                <b>剩餘填埋量:</b> 98900.0<br/>
                <b>核准填埋量:</b> 120000.0<br/>
                <b>面積:</b> 3.4602<br/>
                <b>申報日期:</b> 2006-06-30 00:00:00<br/>
                <b>流向編號:</b> DAH00065<br/>
                ]]></description>
      <Point>
        <coordinates>24.73084588253,121.64062918788,0</coordinates>
      </Point>
    </Placemark>

    <Placemark>
      <name>95年已停場-和多利有限公司(依據台中市政府95.3.21,府都建字第0950053073號函辦理;94.11.4止已屆滿營運期限)</name>
      <description><![CDATA[
                <b>名稱:</b> 95年已停場-和多利有限公司(依據台中市政府95.3.21,府都建字第0950053073號函辦理;94.11.4止已屆滿營運期限)<br/>
                <b>縣市:</b> 台中市<br/>
                <b>類型:</b> 土資場-加工型-砂石場<br/>
                <b>剩餘填埋量:</b> 120000.0<br/>
                <b>核准填埋量:</b> 12663.0<br/>
                <b>面積:</b> 1.2663<br/>
                <b>申報日期:</b> 2001-12-13 00:00:00<br/>
                <b>流向編號:</b> DAH00066<br/>
                ]]></description>
      <Point>
        <coordinates>24.187845328868,120.73207373059,0</coordinates>
      </Point>
    </Placemark>

    <Placemark>
      <name>安南區土石方資源堆置場(博全工程開發有限公司)</name>
      <description><![CDATA[
                <b>名稱:</b> 安南區土石方資源堆置場(博全工程開發有限公司)<br/>
                <b>縣市:</b> 台南市<br/>
                <b>類型:</b> 土資場-轉運型-<br/>
                <b>剩餘填埋量:</b> 0.0<br/>
                <b>核准填埋量:</b> 56369.0<br/>
                <b>面積:</b> 1.005<br/>
                <b>申報日期:</b> 2010-03-07 00:00:00<br/>
                <b>流向編號:</b> DAH00069<br/>
                ]]></description>
      <Point>
        <coordinates>23.054986332993,120.08610661079,0</coordinates>
      </Point>
    </Placemark>

    <Placemark>
      <name>西屯區總茂環保土石方資源堆置及加工處理場</name>
      <description><![CDATA[
                <b>名稱:</b> 西屯區總茂環保土石方資源堆置及加工處理場<br/>
                <b>縣市:</b> 台中市<br/>
                <b>類型:</b> 土資場-轉運型-<br/>
                <b>剩餘填埋量:</b> 0.0<br/>
                <b>核准填埋量:</b> 0.0<br/>
                <b>面積:</b> 13955.97<br/>
                <b>申報日期:</b> 2001-11-20 00:00:00<br/>
                <b>流向編號:</b> DAH00072<br/>
                ]]></description>
      <Point>
        <coordinates>24.203135222214,120.64795958139,0</coordinates>
      </Point>
    </Placemark>

    <Placemark>
      <name>峨眉鄉富興段土資場(中美榮工程公司)(93/11/9新竹縣政府通知已停止營運)</name>
      <description><![CDATA[
                <b>名稱:</b> 峨眉鄉富興段土資場(中美榮工程公司)(93/11/9新竹縣政府通知已停止營運)<br/>
                <b>縣市:</b> 新竹縣<br/>
                <b>類型:</b> 土資場-填埋型-<br/>
                <b>剩餘填埋量:</b> 400000.0<br/>
                <b>核准填埋量:</b> 400000.0<br/>
                <b>面積:</b> 4.89<br/>
                <b>申報日期:</b> 2001-01-01 00:00:00<br/>
                <b>流向編號:</b> DAH00074<br/>
                ]]></description>
      <Point>
        <coordinates>24.692324610045,120.96639981282,0</coordinates>
      </Point>
    </Placemark>

    <Placemark>
      <name>土庫鎮現有石業公司(雲林分公司)(使用期限屆滿)</name>
      <description><![CDATA[
                <b>名稱:</b> 土庫鎮現有石業公司(雲林分公司)(使用期限屆滿)<br/>
                <b>縣市:</b> 雲林縣<br/>
                <b>類型:</b> 土資場-轉運型-<br/>
                <b>剩餘填埋量:</b> 86700.0<br/>
                <b>核准填埋量:</b> 86700.0<br/>
                <b>面積:</b> 1.2173<br/>
                <b>申報日期:</b> None<br/>
                <b>流向編號:</b> DAH00079<br/>
                ]]></description>
      <Point>
        <coordinates>23.696208629103,120.35650119283,0</coordinates>
      </Point>
    </Placemark>

    <Placemark>
      <name>太保市聯興土資場(聯興土方建材行)(依嘉義縣政府府城建字第0940132241號函自94.06.30停止營運)</name>
      <description><![CDATA[
                <b>名稱:</b> 太保市聯興土資場(聯興土方建材行)(依嘉義縣政府府城建字第0940132241號函自94.06.30停止營運)<br/>
                <b>縣市:</b> 嘉義縣<br/>
                <b>類型:</b> 土資場-加工型-<br/>
                <b>剩餘填埋量:</b> 80286.0<br/>
                <b>核准填埋量:</b> 80286.0<br/>
                <b>面積:</b> 3.88<br/>
                <b>申報日期:</b> 2005-06-15 00:00:00<br/>
                <b>流向編號:</b> DAH00082<br/>
                ]]></description>
      <Point>
        <coordinates>23.481238648301,120.32696785396,0</coordinates>
      </Point>
    </Placemark>

    <Placemark>
      <name>水上鄉輔潔土資場</name>
      <description><![CDATA[
                <b>名稱:</b> 水上鄉輔潔土資場<br/>
                <b>縣市:</b> 嘉義縣<br/>
                <b>類型:</b> 土資場-加工型-<br/>
                <b>剩餘填埋量:</b> 0.0<br/>
                <b>核准填埋量:</b> 0.0<br/>
                <b>面積:</b> 1.5849<br/>
                <b>申報日期:</b> 2000-03-23 00:00:00<br/>
                <b>流向編號:</b> DAH00084<br/>
                ]]></description>
      <Point>
        <coordinates>23.417937218479,120.41035804549,0</coordinates>
      </Point>
    </Placemark>

    <Placemark>
      <name>虎尾鎮建証土石方資源堆置場(94.09.19許可年限屆滿停止營運)</name>
      <description><![CDATA[
                <b>名稱:</b> 虎尾鎮建証土石方資源堆置場(94.09.19許可年限屆滿停止營運)<br/>
                <b>縣市:</b> 雲林縣<br/>
                <b>類型:</b> 土資場-轉運型-<br/>
                <b>剩餘填埋量:</b> 180000.0<br/>
                <b>核准填埋量:</b> 0.0<br/>
                <b>面積:</b> 1.7548<br/>
                <b>申報日期:</b> 2005-09-19 00:00:00<br/>
                <b>流向編號:</b> DAH00085<br/>
                ]]></description>
      <Point>
        <coordinates>23.732268647128,120.389132415,0</coordinates>
      </Point>
    </Placemark>

    <Placemark>
      <name>古坑鄉泰建工程有限公司土石方資源堆置場(依雲林縣政府93.6.23府工石字第0931440326號函註銷設置許可書及啟用同意書)</name>
      <description><![CDATA[
                <b>名稱:</b> 古坑鄉泰建工程有限公司土石方資源堆置場(依雲林縣政府93.6.23府工石字第0931440326號函註銷設置許可書及啟用同意書)<br/>
                <b>縣市:</b> 雲林縣<br/>
                <b>類型:</b> 土資場-轉運型-<br/>
                <b>剩餘填埋量:</b> 56000.0<br/>
                <b>核准填埋量:</b> 56000.0<br/>
                <b>面積:</b> 1.4929<br/>
                <b>申報日期:</b> 2001-11-26 00:00:00<br/>
                <b>流向編號:</b> DAH00091<br/>
                ]]></description>
      <Point>
        <coordinates>23.626314255672,120.59297658494,0</coordinates>
      </Point>
    </Placemark>

    <Placemark>
      <name>華棋剩餘土石方資源堆置轉運處理場</name>
      <description><![CDATA[
                <b>名稱:</b> 華棋剩餘土石方資源堆置轉運處理場<br/>
                <b>縣市:</b> 桃園市<br/>
                <b>類型:</b> 土資場-加工型-<br/>
                <b>剩餘填埋量:</b> 611096.0<br/>
                <b>核准填埋量:</b> 0.0<br/>
                <b>面積:</b> 1.5778<br/>
                <b>申報日期:</b> 2002-01-24 00:00:00<br/>
                <b>流向編號:</b> DAH00092<br/>
                ]]></description>
      <Point>
        <coordinates>25.05483373095,121.13935130636,0</coordinates>
      </Point>
    </Placemark>

    <Placemark>
      <name>潤泰水泥股份有限公司</name>
      <description><![CDATA[
                <b>名稱:</b> 潤泰水泥股份有限公司<br/>
                <b>縣市:</b> 宜蘭縣<br/>
                <b>類型:</b> 土資場-加工型-水泥場<br/>
                <b>剩餘填埋量:</b> 167400.0<br/>
                <b>核准填埋量:</b> 0.0<br/>
                <b>面積:</b> 1.0<br/>
                <b>申報日期:</b> None<br/>
                <b>流向編號:</b> DAH00093<br/>
                ]]></description>
      <Point>
        <coordinates>0.0,0.0,0</coordinates>
      </Point>
    </Placemark>

    <Placemark>
      <name>虎尾鎮東緯土資場(94.10.29許可年限屆滿停止營運)</name>
      <description><![CDATA[
                <b>名稱:</b> 虎尾鎮東緯土資場(94.10.29許可年限屆滿停止營運)<br/>
                <b>縣市:</b> 雲林縣<br/>
                <b>類型:</b> 土資場-轉運型-<br/>
                <b>剩餘填埋量:</b> 64950.0<br/>
                <b>核准填埋量:</b> 64950.0<br/>
                <b>面積:</b> 1.5345<br/>
                <b>申報日期:</b> None<br/>
                <b>流向編號:</b> DAH00094<br/>
                ]]></description>
      <Point>
        <coordinates>23.704166389154,120.40371631284,0</coordinates>
      </Point>
    </Placemark>

    <Placemark>
      <name>新化鎮德鑫寶剩餘土石方資源堆置場(本場已於91.8.21暫時停止營運台南縣政府92.4.25府工管字第0920058164號函)</name>
      <description><![CDATA[
                <b>名稱:</b> 新化鎮德鑫寶剩餘土石方資源堆置場(本場已於91.8.21暫時停止營運台南縣政府92.4.25府工管字第0920058164號函)<br/>
                <b>縣市:</b> 台南市<br/>
                <b>類型:</b> 土資場-填埋型-<br/>
                <b>剩餘填埋量:</b> 336000.0<br/>
                <b>核准填埋量:</b> 29740.0<br/>
                <b>面積:</b> 0.6<br/>
                <b>申報日期:</b> 2001-11-05 00:00:00<br/>
                <b>流向編號:</b> DAH00095<br/>
                ]]></description>
      <Point>
        <coordinates>23.069554923697,120.34059401021,0</coordinates>
      </Point>
    </Placemark>

    <Placemark>
      <name>褒忠鄉仲興砂石行土資場(94.09.29許可年限屆滿停止營運)</name>
      <description><![CDATA[
                <b>名稱:</b> 褒忠鄉仲興砂石行土資場(94.09.29許可年限屆滿停止營運)<br/>
                <b>縣市:</b> 雲林縣<br/>
                <b>類型:</b> 土資場-加工型-砂石場<br/>
                <b>剩餘填埋量:</b> 35124.0<br/>
                <b>核准填埋量:</b> 35124.0<br/>
                <b>面積:</b> 1.1068<br/>
                <b>申報日期:</b> None<br/>
                <b>流向編號:</b> DAH00096<br/>
                ]]></description>
      <Point>
        <coordinates>23.718107336721,120.30450892288,0</coordinates>
      </Point>
    </Placemark>

    <Placemark>
      <name>凱鳴工程行</name>
      <description><![CDATA[
                <b>名稱:</b> 凱鳴工程行<br/>
                <b>縣市:</b> 嘉義縣<br/>
                <b>類型:</b> 土資場-加工型-<br/>
                <b>剩餘填埋量:</b> 0.0<br/>
                <b>核准填埋量:</b> 0.0<br/>
                <b>面積:</b> 1.6397<br/>
                <b>申報日期:</b> 2001-06-01 00:00:00<br/>
                <b>流向編號:</b> DAH00097<br/>
                ]]></description>
      <Point>
        <coordinates>23.450070484533,120.24792731338,0</coordinates>
      </Point>
    </Placemark>

    <Placemark>
      <name>台東市豐樂土石資源回收場(浩群公司)</name>
      <description><![CDATA[
                <b>名稱:</b> 台東市豐樂土石資源回收場(浩群公司)<br/>
                <b>縣市:</b> 台東縣<br/>
                <b>類型:</b> 土資場-加工型-砂石場<br/>
                <b>剩餘填埋量:</b> 60000.0<br/>
                <b>核准填埋量:</b> 60000.0<br/>
                <b>面積:</b> 2.08<br/>
                <b>申報日期:</b> 2003-06-10 00:00:00<br/>
                <b>流向編號:</b> DAH00099<br/>
                ]]></description>
      <Point>
        <coordinates>22.719978266354,121.10718103006,0</coordinates>
      </Point>
    </Placemark>

    <Placemark>
      <name>壽豐鄉水璉土資場(花蓮縣政府94.11.03府城建字第09401534070號函土資場調查表示「已封場」)</name>
      <description><![CDATA[
                <b>名稱:</b> 壽豐鄉水璉土資場(花蓮縣政府94.11.03府城建字第09401534070號函土資場調查表示「已封場」)<br/>
                <b>縣市:</b> 花蓮縣<br/>
                <b>類型:</b> 土資場-填埋型-<br/>
                <b>剩餘填埋量:</b> 10664.0<br/>
                <b>核准填埋量:</b> 60293.0<br/>
                <b>面積:</b> 14.174<br/>
                <b>申報日期:</b> 2001-07-26 00:00:00<br/>
                <b>流向編號:</b> DAH00100<br/>
                ]]></description>
      <Point>
        <coordinates>23.788399932873,121.55540101832,0</coordinates>
      </Point>
    </Placemark>

    <Placemark>
      <name>正和砂石場</name>
      <description><![CDATA[
                <b>名稱:</b> 正和砂石場<br/>
                <b>縣市:</b> 苗栗縣<br/>
                <b>類型:</b> 土資場-加工型-砂石場<br/>
                <b>剩餘填埋量:</b> 0.0<br/>
                <b>核准填埋量:</b> 0.0<br/>
                <b>面積:</b> 1.6667<br/>
                <b>申報日期:</b> 2001-10-21 00:00:00<br/>
                <b>流向編號:</b> DAH00101<br/>
                ]]></description>
      <Point>
        <coordinates>24.296782924353,120.82170898594,0</coordinates>
      </Point>
    </Placemark>

    <Placemark>
      <name>大甲鎮大丰土資場(大丰砂石大安廠)</name>
      <description><![CDATA[
                <b>名稱:</b> 大甲鎮大丰土資場(大丰砂石大安廠)<br/>
                <b>縣市:</b> 台中市<br/>
                <b>類型:</b> 土資場-加工型-砂石場<br/>
                <b>剩餘填埋量:</b> 0.0<br/>
                <b>核准填埋量:</b> 0.0<br/>
                <b>面積:</b> 1.2705<br/>
                <b>申報日期:</b> 2001-11-04 00:00:00<br/>
                <b>流向編號:</b> DAH00103<br/>
                ]]></description>
      <Point>
        <coordinates>24.385148069749,120.64295544354,0</coordinates>
      </Point>
    </Placemark>

    <Placemark>
      <name>清水鎮豐資嶺土石方資源堆置場(豐資嶺企業股份有限公司)--核准期限於2007/6/28故停場</name>
      <description><![CDATA[
                <b>名稱:</b> 清水鎮豐資嶺土石方資源堆置場(豐資嶺企業股份有限公司)--核准期限於2007/6/28故停場<br/>
                <b>縣市:</b> 台中市<br/>
                <b>類型:</b> 土資場-轉運型-<br/>
                <b>剩餘填埋量:</b> 1200000.0<br/>
                <b>核准填埋量:</b> 1120000.0<br/>
                <b>面積:</b> 3.1352<br/>
                <b>申報日期:</b> 2001-12-17 00:00:00<br/>
                <b>流向編號:</b> DAH00107<br/>
                ]]></description>
      <Point>
        <coordinates>24.272932669128,120.63014525604,0</coordinates>
      </Point>
    </Placemark>

    <Placemark>
      <name>虎尾鎮佑祥土資場</name>
      <description><![CDATA[
                <b>名稱:</b> 虎尾鎮佑祥土資場<br/>
                <b>縣市:</b> 雲林縣<br/>
                <b>類型:</b> 土資場-轉運型-<br/>
                <b>剩餘填埋量:</b> 45900.0<br/>
                <b>核准填埋量:</b> 45900.0<br/>
                <b>面積:</b> 1.1063<br/>
                <b>申報日期:</b> None<br/>
                <b>流向編號:</b> DAH00108<br/>
                ]]></description>
      <Point>
        <coordinates>23.739835595156,120.38667298484,0</coordinates>
      </Point>
    </Placemark>

    <Placemark>
      <name>南屯區寶文土石方資源堆置場(依台中市政府94.01.26府都建字第0940006702號函暫停營運)(94.11.1已屆滿營運期限)</name>
      <description><![CDATA[
                <b>名稱:</b> 南屯區寶文土石方資源堆置場(依台中市政府94.01.26府都建字第0940006702號函暫停營運)(94.11.1已屆滿營運期限)<br/>
                <b>縣市:</b> 台中市<br/>
                <b>類型:</b> 土資場-加工型-砂石場<br/>
                <b>剩餘填埋量:</b> 360000.0<br/>
                <b>核准填埋量:</b> 0.0<br/>
                <b>面積:</b> 4.98<br/>
                <b>申報日期:</b> 2001-11-12 00:00:00<br/>
                <b>流向編號:</b> DAH00115<br/>
                ]]></description>
      <Point>
        <coordinates>24.146349098575,120.5969145861,0</coordinates>
      </Point>
    </Placemark>

    <Placemark>
      <name>李記企業行(剩餘土石方資源堆置場)台南縣政府92.5.19府工管字第0920003944號已撤銷</name>
      <description><![CDATA[
                <b>名稱:</b> 李記企業行(剩餘土石方資源堆置場)台南縣政府92.5.19府工管字第0920003944號已撤銷<br/>
                <b>縣市:</b> 台南市<br/>
                <b>類型:</b> 土資場-填埋型-土地改良場<br/>
                <b>剩餘填埋量:</b> 459768.0<br/>
                <b>核准填埋量:</b> 459768.0<br/>
                <b>面積:</b> 0.6442<br/>
                <b>申報日期:</b> None<br/>
                <b>流向編號:</b> DAH00117<br/>
                ]]></description>
      <Point>
        <coordinates>23.284889261952,120.22628790733,0</coordinates>
      </Point>
    </Placemark>

    <Placemark>
      <name>95年已停場-二城土方銀行土資場(建箇建設開發有限公司)</name>
      <description><![CDATA[
                <b>名稱:</b> 95年已停場-二城土方銀行土資場(建箇建設開發有限公司)<br/>
                <b>縣市:</b> 雲林縣<br/>
                <b>類型:</b> 土資場-加工型-<br/>
                <b>剩餘填埋量:</b> 1200000.0<br/>
                <b>核准填埋量:</b> 25000.0<br/>
                <b>面積:</b> 3.4961<br/>
                <b>申報日期:</b> 2001-01-17 00:00:00<br/>
                <b>流向編號:</b> DAI19551<br/>
                ]]></description>
      <Point>
        <coordinates>23.705858549657,120.56161311328,0</coordinates>
      </Point>
    </Placemark>

    <Placemark>
      <name>長興土石方資源堆置場(立登工程有限公司)</name>
      <description><![CDATA[
                <b>名稱:</b> 長興土石方資源堆置場(立登工程有限公司)<br/>
                <b>縣市:</b> 新竹市<br/>
                <b>類型:</b> 土資場-轉運型-<br/>
                <b>剩餘填埋量:</b> 0.0<br/>
                <b>核准填埋量:</b> 0.0<br/>
                <b>面積:</b> 17586.16<br/>
                <b>申報日期:</b> 2001-09-03 00:00:00<br/>
                <b>流向編號:</b> DAI21277<br/>
                ]]></description>
      <Point>
        <coordinates>24.762784317028,120.91667681582,0</coordinates>
      </Point>
    </Placemark>

    <Placemark>
      <name>銘海實業有限公司</name>
      <description><![CDATA[
                <b>名稱:</b> 銘海實業有限公司<br/>
                <b>縣市:</b> 雲林縣<br/>
                <b>類型:</b> 土資場-加工型-<br/>
                <b>剩餘填埋量:</b> 600000.0<br/>
                <b>核准填埋量:</b> 0.0<br/>
                <b>面積:</b> 1.1833<br/>
                <b>申報日期:</b> 2001-10-03 00:00:00<br/>
                <b>流向編號:</b> DAJ03277<br/>
                ]]></description>
      <Point>
        <coordinates>23.645984592177,120.42591011842,0</coordinates>
      </Point>
    </Placemark>

    <Placemark>
      <name>梓官區螢建土石方資源堆置場</name>
      <description><![CDATA[
                <b>名稱:</b> 梓官區螢建土石方資源堆置場<br/>
                <b>縣市:</b> 高雄市<br/>
                <b>類型:</b> 土資場-轉運型-<br/>
                <b>剩餘填埋量:</b> 0.0<br/>
                <b>核准填埋量:</b> 0.0<br/>
                <b>面積:</b> 11143.95<br/>
                <b>申報日期:</b> 2001-10-08 00:00:00<br/>
                <b>流向編號:</b> DAJ08182<br/>
                ]]></description>
      <Point>
        <coordinates>22.7630473,120.2545646,0</coordinates>
      </Point>
    </Placemark>

    <Placemark>
      <name>95年已停場-花蓮縣國福營建工程剩餘土石方資源堆置場</name>
      <description><![CDATA[
                <b>名稱:</b> 95年已停場-花蓮縣國福營建工程剩餘土石方資源堆置場<br/>
                <b>縣市:</b> 花蓮縣<br/>
                <b>類型:</b> 土資場-加工型-<br/>
                <b>剩餘填埋量:</b> 460000.0<br/>
                <b>核准填埋量:</b> 500000.0<br/>
                <b>面積:</b> 12.04<br/>
                <b>申報日期:</b> 2001-09-08 00:00:00<br/>
                <b>流向編號:</b> DAJ08721<br/>
                ]]></description>
      <Point>
        <coordinates>23.991095150776,121.57903926297,0</coordinates>
      </Point>
    </Placemark>

    <Placemark>
      <name>古坑鄉大貿建設(股)公司(古坑土資場)</name>
      <description><![CDATA[
                <b>名稱:</b> 古坑鄉大貿建設(股)公司(古坑土資場)<br/>
                <b>縣市:</b> 雲林縣<br/>
                <b>類型:</b> 土資場-轉運型-<br/>
                <b>剩餘填埋量:</b> 275828.0<br/>
                <b>核准填埋量:</b> 82500.0<br/>
                <b>面積:</b> 7.1862<br/>
                <b>申報日期:</b> 2001-11-08 00:00:00<br/>
                <b>流向編號:</b> DAK08417<br/>
                ]]></description>
      <Point>
        <coordinates>23.6620098257,120.5776818804,0</coordinates>
      </Point>
    </Placemark>

    <Placemark>
      <name>佳生土石方資源堆置處理場</name>
      <description><![CDATA[
                <b>名稱:</b> 佳生土石方資源堆置處理場<br/>
                <b>縣市:</b> 苗栗縣<br/>
                <b>類型:</b> 土資場-加工型-兼營混合物<br/>
                <b>剩餘填埋量:</b> 0.0<br/>
                <b>核准填埋量:</b> 0.0<br/>
                <b>面積:</b> 41868.48<br/>
                <b>申報日期:</b> 2001-12-23 00:00:00<br/>
                <b>流向編號:</b> DAK08864<br/>
                ]]></description>
      <Point>
        <coordinates>24.475374,120.8010119,0</coordinates>
      </Point>
    </Placemark>

    <Placemark>
      <name>鶯歌營建廢棄物資源回收處理場(90.10.31-94.12.31)陽光城市開發股份有限公司--停止申報營建混合物於2006/5/8</name>
      <description><![CDATA[
                <b>名稱:</b> 鶯歌營建廢棄物資源回收處理場(90.10.31-94.12.31)陽光城市開發股份有限公司--停止申報營建混合物於2006/5/8<br/>
                <b>縣市:</b> 新北市<br/>
                <b>類型:</b> 營建廢棄物專場<br/>
                <b>剩餘填埋量:</b> 120000.0<br/>
                <b>核准填埋量:</b> 120000.0<br/>
                <b>面積:</b> 0.7535<br/>
                <b>申報日期:</b> 2001-11-15 00:00:00<br/>
                <b>流向編號:</b> DAK15035<br/>
                ]]></description>
      <Point>
        <coordinates>24.969786516813,121.33751077327,0</coordinates>
      </Point>
    </Placemark>

    <Placemark>
      <name>屏東縣高樹鄉東振新堤防新生地土石方資源堆置場</name>
      <description><![CDATA[
                <b>名稱:</b> 屏東縣高樹鄉東振新堤防新生地土石方資源堆置場<br/>
                <b>縣市:</b> 屏東縣<br/>
                <b>類型:</b> 土資場-填埋型-<br/>
                <b>剩餘填埋量:</b> 0.0<br/>
                <b>核准填埋量:</b> 248748.0<br/>
                <b>面積:</b> 2.1115<br/>
                <b>申報日期:</b> 2001-11-17 00:00:00<br/>
                <b>流向編號:</b> DAK16756<br/>
                ]]></description>
      <Point>
        <coordinates>22.844152729685,120.60180716497,0</coordinates>
      </Point>
    </Placemark>

    <Placemark>
      <name>2007年已停場-西螺鎮台灣能科土資場(台灣能科股份有限公司)</name>
      <description><![CDATA[
                <b>名稱:</b> 2007年已停場-西螺鎮台灣能科土資場(台灣能科股份有限公司)<br/>
                <b>縣市:</b> 雲林縣<br/>
                <b>類型:</b> 土資場-轉運型-<br/>
                <b>剩餘填埋量:</b> 600000.0<br/>
                <b>核准填埋量:</b> 0.0<br/>
                <b>面積:</b> 1.5557<br/>
                <b>申報日期:</b> 2001-11-21 00:00:00<br/>
                <b>流向編號:</b> DAK21778<br/>
                ]]></description>
      <Point>
        <coordinates>23.754617193858,120.42356725285,0</coordinates>
      </Point>
    </Placemark>

    <Placemark>
      <name>秀林鄉棄碴場E1(和平工程處)</name>
      <description><![CDATA[
                <b>名稱:</b> 秀林鄉棄碴場E1(和平工程處)<br/>
                <b>縣市:</b> 花蓮縣<br/>
                <b>類型:</b> 土資場-填埋型-<br/>
                <b>剩餘填埋量:</b> 98000.0<br/>
                <b>核准填埋量:</b> 80000.0<br/>
                <b>面積:</b> 10.262<br/>
                <b>申報日期:</b> 2001-11-23 00:00:00<br/>
                <b>流向編號:</b> DAK23120<br/>
                ]]></description>
      <Point>
        <coordinates>24.127363153022,121.47306697474,0</coordinates>
      </Point>
    </Placemark>

    <Placemark>
      <name>95年已停場-世全土石方資源堆置轉運處理場</name>
      <description><![CDATA[
                <b>名稱:</b> 95年已停場-世全土石方資源堆置轉運處理場<br/>
                <b>縣市:</b> 雲林縣<br/>
                <b>類型:</b> 土資場-轉運型-<br/>
                <b>剩餘填埋量:</b> 1170000.0<br/>
                <b>核准填埋量:</b> 0.0<br/>
                <b>面積:</b> 2.4566<br/>
                <b>申報日期:</b> 2002-01-12 00:00:00<br/>
                <b>流向編號:</b> DAK23972<br/>
                ]]></description>
      <Point>
        <coordinates>23.742480505515,120.59567763707,0</coordinates>
      </Point>
    </Placemark>

    <Placemark>
      <name>湖內區古板土石方資源堆置場</name>
      <description><![CDATA[
                <b>名稱:</b> 湖內區古板土石方資源堆置場<br/>
                <b>縣市:</b> 高雄市<br/>
                <b>類型:</b> 土資場-加工型-兼營混合物<br/>
                <b>剩餘填埋量:</b> 0.0<br/>
                <b>核准填埋量:</b> 0.0<br/>
                <b>面積:</b> 12432.52<br/>
                <b>申報日期:</b> 2001-11-28 00:00:00<br/>
                <b>流向編號:</b> DAK28333<br/>
                ]]></description>
      <Point>
        <coordinates>22.8875316,120.2244781,0</coordinates>
      </Point>
    </Placemark>

    <Placemark>
      <name>已停場-褒忠鄉憲源土石方資源堆置場)(依雲林縣政府府工石字第0951404907號函所示，自95.9.5起暫停營運)</name>
      <description><![CDATA[
                <b>名稱:</b> 已停場-褒忠鄉憲源土石方資源堆置場)(依雲林縣政府府工石字第0951404907號函所示，自95.9.5起暫停營運)<br/>
                <b>縣市:</b> 雲林縣<br/>
                <b>類型:</b> 土資場-轉運型-<br/>
                <b>剩餘填埋量:</b> 840000.0<br/>
                <b>核准填埋量:</b> 5600.0<br/>
                <b>面積:</b> 1.3379<br/>
                <b>申報日期:</b> 2001-12-14 00:00:00<br/>
                <b>流向編號:</b> DAL14954<br/>
                ]]></description>
      <Point>
        <coordinates>23.703626134367,120.28713926756,0</coordinates>
      </Point>
    </Placemark>

    <Placemark>
      <name>95年已停場-大溪鎮三奕科技淤泥資源再生利用處理場</name>
      <description><![CDATA[
                <b>名稱:</b> 95年已停場-大溪鎮三奕科技淤泥資源再生利用處理場<br/>
                <b>縣市:</b> 桃園市<br/>
                <b>類型:</b> 土資場-加工型-泥漿場<br/>
                <b>剩餘填埋量:</b> 320000.0<br/>
                <b>核准填埋量:</b> 0.0<br/>
                <b>面積:</b> 1.3<br/>
                <b>申報日期:</b> 2001-12-04 00:00:00<br/>
                <b>流向編號:</b> DAL17225<br/>
                ]]></description>
      <Point>
        <coordinates>24.829541881784,121.25454577918,0</coordinates>
      </Point>
    </Placemark>

    <Placemark>
      <name>郁展國際開發有限公司土石方資源堆置場</name>
      <description><![CDATA[
                <b>名稱:</b> 郁展國際開發有限公司土石方資源堆置場<br/>
                <b>縣市:</b> 雲林縣<br/>
                <b>類型:</b> 土資場-轉運型-<br/>
                <b>剩餘填埋量:</b> 600000.0<br/>
                <b>核准填埋量:</b> 8100.0<br/>
                <b>面積:</b> 1.2175<br/>
                <b>申報日期:</b> 2002-01-18 00:00:00<br/>
                <b>流向編號:</b> DBA18184<br/>
                ]]></description>
      <Point>
        <coordinates>23.718643607324,120.2496367159,0</coordinates>
      </Point>
    </Placemark>

    <Placemark>
      <name>吉安鄉垃圾掩埋場(花蓮縣政府不同意 91.6,   俊偉公司來函抗議91.6.27)</name>
      <description><![CDATA[
                <b>名稱:</b> 吉安鄉垃圾掩埋場(花蓮縣政府不同意 91.6,   俊偉公司來函抗議91.6.27)<br/>
                <b>縣市:</b> 花蓮縣<br/>
                <b>類型:</b> 土資場-填埋型-衛生掩埋場<br/>
                <b>剩餘填埋量:</b> None<br/>
                <b>核准填埋量:</b> 50000.0<br/>
                <b>面積:</b> 5.0<br/>
                <b>申報日期:</b> 2002-01-28 00:00:00<br/>
                <b>流向編號:</b> DBA23215<br/>
                ]]></description>
      <Point>
        <coordinates>23.954704257178,121.57887666119,0</coordinates>
      </Point>
    </Placemark>

    <Placemark>
      <name>見昌砂石股份有限公司</name>
      <description><![CDATA[
                <b>名稱:</b> 見昌砂石股份有限公司<br/>
                <b>縣市:</b> 雲林縣<br/>
                <b>類型:</b> 土資場-加工型-砂石場<br/>
                <b>剩餘填埋量:</b> None<br/>
                <b>核准填埋量:</b> 0.0<br/>
                <b>面積:</b> 5.0<br/>
                <b>申報日期:</b> 2002-01-24 00:00:00<br/>
                <b>流向編號:</b> DBA23357<br/>
                ]]></description>
      <Point>
        <coordinates>23.772520104908,120.51189416463,0</coordinates>
      </Point>
    </Placemark>

    <Placemark>
      <name>台南縣柳營鄉柳營及東昇自辦市地重劃區</name>
      <description><![CDATA[
                <b>名稱:</b> 台南縣柳營鄉柳營及東昇自辦市地重劃區<br/>
                <b>縣市:</b> 台南市<br/>
                <b>類型:</b> 土資場-填埋型-市地重劃<br/>
                <b>剩餘填埋量:</b> None<br/>
                <b>核准填埋量:</b> 50203.0<br/>
                <b>面積:</b> 3.952847<br/>
                <b>申報日期:</b> 2002-01-29 00:00:00<br/>
                <b>流向編號:</b> DBA29113<br/>
                ]]></description>
      <Point>
        <coordinates>23.280066091735,120.31023826577,0</coordinates>
      </Point>
    </Placemark>

    <Placemark>
      <name>營豐環保工程有限公司</name>
      <description><![CDATA[
                <b>名稱:</b> 營豐環保工程有限公司<br/>
                <b>縣市:</b> 桃園市<br/>
                <b>類型:</b> 營建廢棄物專場<br/>
                <b>剩餘填埋量:</b> 0.0<br/>
                <b>核准填埋量:</b> 0.0<br/>
                <b>面積:</b> 1.0<br/>
                <b>申報日期:</b> 2003-01-24 00:00:00<br/>
                <b>流向編號:</b> DBB21156<br/>
                ]]></description>
      <Point>
        <coordinates>24.92141363701,121.21909055145,0</coordinates>
      </Point>
    </Placemark>

    <Placemark>
      <name>嘉糖實業有限公司(砂石場兼營土資場)</name>
      <description><![CDATA[
                <b>名稱:</b> 嘉糖實業有限公司(砂石場兼營土資場)<br/>
                <b>縣市:</b> 苗栗縣<br/>
                <b>類型:</b> 土資場-加工型-砂石場<br/>
                <b>剩餘填埋量:</b> 0.0<br/>
                <b>核准填埋量:</b> 0.0<br/>
                <b>面積:</b> 0.4111<br/>
                <b>申報日期:</b> 2002-03-04 00:00:00<br/>
                <b>流向編號:</b> DBC04509<br/>
                ]]></description>
      <Point>
        <coordinates>24.515238915849,120.88152939315,0</coordinates>
      </Point>
    </Placemark>

    <Placemark>
      <name>三峽山員潭子段土石方資源堆置處理場(台北縣政府93/11/4函-即日起暫停營運-北府工施字第0930728449號)</name>
      <description><![CDATA[
                <b>名稱:</b> 三峽山員潭子段土石方資源堆置處理場(台北縣政府93/11/4函-即日起暫停營運-北府工施字第0930728449號)<br/>
                <b>縣市:</b> 新北市<br/>
                <b>類型:</b> 土資場-填埋型-<br/>
                <b>剩餘填埋量:</b> 1400000.0<br/>
                <b>核准填埋量:</b> 1403392.0<br/>
                <b>面積:</b> 6.1<br/>
                <b>申報日期:</b> 2002-03-16 00:00:00<br/>
                <b>流向編號:</b> DBC16226<br/>
                ]]></description>
      <Point>
        <coordinates>24.895191523746,121.32756272314,0</coordinates>
      </Point>
    </Placemark>

    <Placemark>
      <name>板橋營建剩餘土石方資源處理場(嘉慶環保公司)--廢止設置許可於2007/4/24</name>
      <description><![CDATA[
                <b>名稱:</b> 板橋營建剩餘土石方資源處理場(嘉慶環保公司)--廢止設置許可於2007/4/24<br/>
                <b>縣市:</b> 新北市<br/>
                <b>類型:</b> 土資場-加工型-<br/>
                <b>剩餘填埋量:</b> 720000.0<br/>
                <b>核准填埋量:</b> 0.0<br/>
                <b>面積:</b> 2.016<br/>
                <b>申報日期:</b> 2002-03-17 00:00:00<br/>
                <b>流向編號:</b> DBC17112<br/>
                ]]></description>
      <Point>
        <coordinates>25.015962108164,121.4532126572,0</coordinates>
      </Point>
    </Placemark>

    <Placemark>
      <name>新店市聯興建材工業股份有限公司--廢止設置許可2008/11/11</name>
      <description><![CDATA[
                <b>名稱:</b> 新店市聯興建材工業股份有限公司--廢止設置許可2008/11/11<br/>
                <b>縣市:</b> 新北市<br/>
                <b>類型:</b> 土資場-加工型-<br/>
                <b>剩餘填埋量:</b> 240000.0<br/>
                <b>核准填埋量:</b> 0.0<br/>
                <b>面積:</b> 0.4<br/>
                <b>申報日期:</b> 2002-03-18 00:00:00<br/>
                <b>流向編號:</b> DBC18391<br/>
                ]]></description>
      <Point>
        <coordinates>24.930974208262,121.52227703128,0</coordinates>
      </Point>
    </Placemark>

    <Placemark>
      <name>榮新土石方資源堆置場(強富工程股份有限公司)</name>
      <description><![CDATA[
                <b>名稱:</b> 榮新土石方資源堆置場(強富工程股份有限公司)<br/>
                <b>縣市:</b> 新竹市<br/>
                <b>類型:</b> 土資場-轉運型-<br/>
                <b>剩餘填埋量:</b> 0.0<br/>
                <b>核准填埋量:</b> 0.0<br/>
                <b>面積:</b> 14404.33<br/>
                <b>申報日期:</b> 2002-04-29 00:00:00<br/>
                <b>流向編號:</b> DBD09517<br/>
                ]]></description>
      <Point>
        <coordinates>24.824194,120.916194,0</coordinates>
      </Point>
    </Placemark>

    <Placemark>
      <name>崙背成功土資場(依中華民國95年4越4日府工石字第0951401542號來函說明，該土質場使用期限屆滿停止營運)</name>
      <description><![CDATA[
                <b>名稱:</b> 崙背成功土資場(依中華民國95年4越4日府工石字第0951401542號來函說明，該土質場使用期限屆滿停止營運)<br/>
                <b>縣市:</b> 雲林縣<br/>
                <b>類型:</b> 土資場-轉運型-<br/>
                <b>剩餘填埋量:</b> 600000.0<br/>
                <b>核准填埋量:</b> 0.0<br/>
                <b>面積:</b> 1.03<br/>
                <b>申報日期:</b> 2005-11-20 00:00:00<br/>
                <b>流向編號:</b> DBD12861<br/>
                ]]></description>
      <Point>
        <coordinates>23.783904289048,120.33580630132,0</coordinates>
      </Point>
    </Placemark>

    <Placemark>
      <name>基隆市七堵區瑪陵最終土石方堆置場(依據內政部函 發文字號:台內營字第0960806565號 發文日期:中華民國96年10月31日 使用期限業於95年12月31日屆滿,即日起廢止該堆置場使用許可)</name>
      <description><![CDATA[
                <b>名稱:</b> 基隆市七堵區瑪陵最終土石方堆置場(依據內政部函 發文字號:台內營字第0960806565號 發文日期:中華民國96年10月31日 使用期限業於95年12月31日屆滿,即日起廢止該堆置場使用許可)<br/>
                <b>縣市:</b> 基隆市<br/>
                <b>類型:</b> 土資場-填埋型-<br/>
                <b>剩餘填埋量:</b> 1781692.0<br/>
                <b>核准填埋量:</b> 1781692.0<br/>
                <b>面積:</b> 23.1558<br/>
                <b>申報日期:</b> 2002-04-11 00:00:00<br/>
                <b>流向編號:</b> DBD16528<br/>
                ]]></description>
      <Point>
        <coordinates>25.100402598108,121.6794204908,0</coordinates>
      </Point>
    </Placemark>

    <Placemark>
      <name>褒忠鄉明志土石方資源堆置場〈明志工程行〉(停場)</name>
      <description><![CDATA[
                <b>名稱:</b> 褒忠鄉明志土石方資源堆置場〈明志工程行〉(停場)<br/>
                <b>縣市:</b> 雲林縣<br/>
                <b>類型:</b> 土資場-加工型-砂石場<br/>
                <b>剩餘填埋量:</b> 50100.0<br/>
                <b>核准填埋量:</b> 13400.0<br/>
                <b>面積:</b> 1.268<br/>
                <b>申報日期:</b> 2002-05-24 00:00:00<br/>
                <b>流向編號:</b> DBE24229<br/>
                ]]></description>
      <Point>
        <coordinates>23.733681185306,120.30921105373,0</coordinates>
      </Point>
    </Placemark>

    <Placemark>
      <name>台灣水泥股份有限公司蘇澳廠</name>
      <description><![CDATA[
                <b>名稱:</b> 台灣水泥股份有限公司蘇澳廠<br/>
                <b>縣市:</b> 宜蘭縣<br/>
                <b>類型:</b> 土資場-加工型-水泥場<br/>
                <b>剩餘填埋量:</b> 132000.0<br/>
                <b>核准填埋量:</b> 132000.0<br/>
                <b>面積:</b> 12000.0<br/>
                <b>申報日期:</b> 2002-06-10 00:00:00<br/>
                <b>流向編號:</b> DBF10241<br/>
                ]]></description>
      <Point>
        <coordinates>24.589965,121.852701,0</coordinates>
      </Point>
    </Placemark>

    <Placemark>
      <name>協震有限公司(營建剩餘土石方資源堆置處理場)</name>
      <description><![CDATA[
                <b>名稱:</b> 協震有限公司(營建剩餘土石方資源堆置處理場)<br/>
                <b>縣市:</b> 屏東縣<br/>
                <b>類型:</b> 土資場-加工型-<br/>
                <b>剩餘填埋量:</b> 0.0<br/>
                <b>核准填埋量:</b> 0.0<br/>
                <b>面積:</b> 22833.0<br/>
                <b>申報日期:</b> 2002-06-11 00:00:00<br/>
                <b>流向編號:</b> DBF11693<br/>
                ]]></description>
      <Point>
        <coordinates>22.8021111,120.5022778,0</coordinates>
      </Point>
    </Placemark>

    <Placemark>
      <name>95年已停場-高欣(土庫)土資場</name>
      <description><![CDATA[
                <b>名稱:</b> 95年已停場-高欣(土庫)土資場<br/>
                <b>縣市:</b> 雲林縣<br/>
                <b>類型:</b> 土資場-轉運型-<br/>
                <b>剩餘填埋量:</b> 846300.0<br/>
                <b>核准填埋量:</b> 3600.0<br/>
                <b>面積:</b> 1.9723<br/>
                <b>申報日期:</b> 2002-06-17 00:00:00<br/>
                <b>流向編號:</b> DBF17723<br/>
                ]]></description>
      <Point>
        <coordinates>23.66845829532,120.33892171897,0</coordinates>
      </Point>
    </Placemark>

    <Placemark>
      <name>95年已停場-台西鄉隆有土資場(隆有企業社)(依雲林縣政府府工石字第0951404905號函所示，自95.9.5起暫停營運)</name>
      <description><![CDATA[
                <b>名稱:</b> 95年已停場-台西鄉隆有土資場(隆有企業社)(依雲林縣政府府工石字第0951404905號函所示，自95.9.5起暫停營運)<br/>
                <b>縣市:</b> 雲林縣<br/>
                <b>類型:</b> 土資場-轉運型-<br/>
                <b>剩餘填埋量:</b> 600000.0<br/>
                <b>核准填埋量:</b> 0.0<br/>
                <b>面積:</b> 1.0252<br/>
                <b>申報日期:</b> 2006-04-09 00:00:00<br/>
                <b>流向編號:</b> DBF18746<br/>
                ]]></description>
      <Point>
        <coordinates>23.700887429008,120.19447045374,0</coordinates>
      </Point>
    </Placemark>

    <Placemark>
      <name>台中縣烏日鄉興祥自辦市地重劃區工程</name>
      <description><![CDATA[
                <b>名稱:</b> 台中縣烏日鄉興祥自辦市地重劃區工程<br/>
                <b>縣市:</b> 台中市<br/>
                <b>類型:</b> 土資場-填埋型-市地重劃<br/>
                <b>剩餘填埋量:</b> 137651.0<br/>
                <b>核准填埋量:</b> 137651.88<br/>
                <b>面積:</b> 7.16<br/>
                <b>申報日期:</b> 2002-06-24 00:00:00<br/>
                <b>流向編號:</b> DBF24165<br/>
                ]]></description>
      <Point>
        <coordinates>24.055969620138,120.62146627839,0</coordinates>
      </Point>
    </Placemark>

    <Placemark>
      <name>寶山鄉雞油凸土石資源堆置場</name>
      <description><![CDATA[
                <b>名稱:</b> 寶山鄉雞油凸土石資源堆置場<br/>
                <b>縣市:</b> 新竹縣<br/>
                <b>類型:</b> 土資場-填埋型-<br/>
                <b>剩餘填埋量:</b> 1296000.0<br/>
                <b>核准填埋量:</b> 358200.0<br/>
                <b>面積:</b> 4.9967<br/>
                <b>申報日期:</b> 2002-07-05 00:00:00<br/>
                <b>流向編號:</b> DBG05135<br/>
                ]]></description>
      <Point>
        <coordinates>24.742733188253,120.9906544951,0</coordinates>
      </Point>
    </Placemark>

    <Placemark>
      <name>瓦上春營建混合物資源處理場(台北市政府93.11.26府工建字第09322928300號,營運許可)(依據台北市政府95年3月20日府工建字第09561368000號函辦理,終止"瓦上春企業有限公司"所屬"瓦上春營建混合物資源處理場"之營運許可.)</name>
      <description><![CDATA[
                <b>名稱:</b> 瓦上春營建混合物資源處理場(台北市政府93.11.26府工建字第09322928300號,營運許可)(依據台北市政府95年3月20日府工建字第09561368000號函辦理,終止"瓦上春企業有限公司"所屬"瓦上春營建混合物資源處理場"之營運許可.)<br/>
                <b>縣市:</b> 台北市<br/>
                <b>類型:</b> 土資場-填埋型-<br/>
                <b>剩餘填埋量:</b> 360000.0<br/>
                <b>核准填埋量:</b> 0.0<br/>
                <b>面積:</b> 2.08361<br/>
                <b>申報日期:</b> 2002-07-18 00:00:00<br/>
                <b>流向編號:</b> DBG18132<br/>
                ]]></description>
      <Point>
        <coordinates>25.062728958252,121.57700567767,0</coordinates>
      </Point>
    </Placemark>

    <Placemark>
      <name>林口鄉太平營建工程土石方資源處理場</name>
      <description><![CDATA[
                <b>名稱:</b> 林口鄉太平營建工程土石方資源處理場<br/>
                <b>縣市:</b> 新北市<br/>
                <b>類型:</b> 土資場-加工型-<br/>
                <b>剩餘填埋量:</b> 0.0<br/>
                <b>核准填埋量:</b> 0.0<br/>
                <b>面積:</b> 14858.0<br/>
                <b>申報日期:</b> 2002-07-03 00:00:00<br/>
                <b>流向編號:</b> DBH01410<br/>
                ]]></description>
      <Point>
        <coordinates>25.111480858876,121.3353883271,0</coordinates>
      </Point>
    </Placemark>

    <Placemark>
      <name>裕成工業股份有限公司</name>
      <description><![CDATA[
                <b>名稱:</b> 裕成工業股份有限公司<br/>
                <b>縣市:</b> 新北市<br/>
                <b>類型:</b> 土資場-加工型-砂石場<br/>
                <b>剩餘填埋量:</b> 360000.0<br/>
                <b>核准填埋量:</b> 0.0<br/>
                <b>面積:</b> 1.0233<br/>
                <b>申報日期:</b> 2002-08-31 00:00:00<br/>
                <b>流向編號:</b> DBH07086<br/>
                ]]></description>
      <Point>
        <coordinates>24.948820277645,121.39824980894,0</coordinates>
      </Point>
    </Placemark>

    <Placemark>
      <name>強琳環保工程有限公司</name>
      <description><![CDATA[
                <b>名稱:</b> 強琳環保工程有限公司<br/>
                <b>縣市:</b> 台中市<br/>
                <b>類型:</b> 土資場-轉運型-<br/>
                <b>剩餘填埋量:</b> 0.0<br/>
                <b>核准填埋量:</b> 0.0<br/>
                <b>面積:</b> 10194.0<br/>
                <b>申報日期:</b> 2002-08-07 00:00:00<br/>
                <b>流向編號:</b> DBH07203<br/>
                ]]></description>
      <Point>
        <coordinates>24.182661524039,120.70372266543,0</coordinates>
      </Point>
    </Placemark>

    <Placemark>
      <name>七美土資場</name>
      <description><![CDATA[
                <b>名稱:</b> 七美土資場<br/>
                <b>縣市:</b> 澎湖縣<br/>
                <b>類型:</b> 土資場-填埋型-坑洞填埋<br/>
                <b>剩餘填埋量:</b> 0.0<br/>
                <b>核准填埋量:</b> 0.0<br/>
                <b>面積:</b> 15000.0<br/>
                <b>申報日期:</b> 2002-09-04 00:00:00<br/>
                <b>流向編號:</b> DBI04319<br/>
                ]]></description>
      <Point>
        <coordinates>23.2196705,119.4444804,0</coordinates>
      </Point>
    </Placemark>

    <Placemark>
      <name>宜蘭縣政府公共造產三星鄉營建剩餘土石方再利用處理場</name>
      <description><![CDATA[
                <b>名稱:</b> 宜蘭縣政府公共造產三星鄉營建剩餘土石方再利用處理場<br/>
                <b>縣市:</b> 宜蘭縣<br/>
                <b>類型:</b> 土資場-轉運型-<br/>
                <b>剩餘填埋量:</b> 0.0<br/>
                <b>核准填埋量:</b> 0.0<br/>
                <b>面積:</b> 18966.34<br/>
                <b>申報日期:</b> 2002-09-10 00:00:00<br/>
                <b>流向編號:</b> DBI10498<br/>
                ]]></description>
      <Point>
        <coordinates>24.7000436,121.7086565,0</coordinates>
      </Point>
    </Placemark>

    <Placemark>
      <name>希望城堡土石方及營建混合物資源處理場(達宸工程實業有限公司)</name>
      <description><![CDATA[
                <b>名稱:</b> 希望城堡土石方及營建混合物資源處理場(達宸工程實業有限公司)<br/>
                <b>縣市:</b> 台北市<br/>
                <b>類型:</b> 土資場-加工型-兼營混合物<br/>
                <b>剩餘填埋量:</b> 0.0<br/>
                <b>核准填埋量:</b> 0.0<br/>
                <b>面積:</b> 46642.0<br/>
                <b>申報日期:</b> 2002-09-25 00:00:00<br/>
                <b>流向編號:</b> DBI25007<br/>
                ]]></description>
      <Point>
        <coordinates>25.123282223595,121.48349554257,0</coordinates>
      </Point>
    </Placemark>

    <Placemark>
      <name>宜蘭縣蘇澳鎮掩埋場(蘇澳鎮公所核准掩埋場土提加高工程收土)</name>
      <description><![CDATA[
                <b>名稱:</b> 宜蘭縣蘇澳鎮掩埋場(蘇澳鎮公所核准掩埋場土提加高工程收土)<br/>
                <b>縣市:</b> 宜蘭縣<br/>
                <b>類型:</b> 土資場-填埋型-衛生掩埋場<br/>
                <b>剩餘填埋量:</b> 33210.0<br/>
                <b>核准填埋量:</b> 33210.0<br/>
                <b>面積:</b> 4.0<br/>
                <b>申報日期:</b> 2002-10-08 00:00:00<br/>
                <b>流向編號:</b> DBJ08418<br/>
                ]]></description>
      <Point>
        <coordinates>24.561119053025,121.83430469148,0</coordinates>
      </Point>
    </Placemark>

    <Placemark>
      <name>台南市海興段公有土資場(停場)</name>
      <description><![CDATA[
                <b>名稱:</b> 台南市海興段公有土資場(停場)<br/>
                <b>縣市:</b> 台南市<br/>
                <b>類型:</b> 土資場-填埋型-<br/>
                <b>剩餘填埋量:</b> 480000.0<br/>
                <b>核准填埋量:</b> 480000.0<br/>
                <b>面積:</b> 11.2<br/>
                <b>申報日期:</b> 2002-10-11 00:00:00<br/>
                <b>流向編號:</b> DBJ11162<br/>
                ]]></description>
      <Point>
        <coordinates>22.985169078752,120.15190922056,0</coordinates>
      </Point>
    </Placemark>

    <Placemark>
      <name>埔里水頭土方資源轉運站(92.12.4暫停)</name>
      <description><![CDATA[
                <b>名稱:</b> 埔里水頭土方資源轉運站(92.12.4暫停)<br/>
                <b>縣市:</b> 南投縣<br/>
                <b>類型:</b> 土資場-轉運型-<br/>
                <b>剩餘填埋量:</b> 1003200.0<br/>
                <b>核准填埋量:</b> 0.0<br/>
                <b>面積:</b> 1.9442<br/>
                <b>申報日期:</b> 2007-10-15 00:00:00<br/>
                <b>流向編號:</b> DBJ17627<br/>
                ]]></description>
      <Point>
        <coordinates>23.945645573942,120.97697778275,0</coordinates>
      </Point>
    </Placemark>

    <Placemark>
      <name>三禾土石方堆置場</name>
      <description><![CDATA[
                <b>名稱:</b> 三禾土石方堆置場<br/>
                <b>縣市:</b> 屏東縣<br/>
                <b>類型:</b> 土資場-轉運型-<br/>
                <b>剩餘填埋量:</b> 0.0<br/>
                <b>核准填埋量:</b> 0.0<br/>
                <b>面積:</b> 0.756252<br/>
                <b>申報日期:</b> 2002-11-13 00:00:00<br/>
                <b>流向編號:</b> DBK13228<br/>
                ]]></description>
      <Point>
        <coordinates>22.363559696208,120.598667701,0</coordinates>
      </Point>
    </Placemark>

    <Placemark>
      <name>台南縣麻豆鎮久生環保企業社</name>
      <description><![CDATA[
                <b>名稱:</b> 台南縣麻豆鎮久生環保企業社<br/>
                <b>縣市:</b> 台南市<br/>
                <b>類型:</b> 土資場-轉運型-<br/>
                <b>剩餘填埋量:</b> 0.0<br/>
                <b>核准填埋量:</b> 25438.0<br/>
                <b>面積:</b> 1.0599<br/>
                <b>申報日期:</b> 2002-11-26 00:00:00<br/>
                <b>流向編號:</b> DBK26705<br/>
                ]]></description>
      <Point>
        <coordinates>23.208510011096,120.19759994553,0</coordinates>
      </Point>
    </Placemark>

    <Placemark>
      <name>深坑鄉烏月段烏月小段土石方資源堆置場(周賢塗)--封場於2007/8/9</name>
      <description><![CDATA[
                <b>名稱:</b> 深坑鄉烏月段烏月小段土石方資源堆置場(周賢塗)--封場於2007/8/9<br/>
                <b>縣市:</b> 新北市<br/>
                <b>類型:</b> 土資場-填埋型-<br/>
                <b>剩餘填埋量:</b> 1353500.0<br/>
                <b>核准填埋量:</b> 1358000.0<br/>
                <b>面積:</b> 15.6794<br/>
                <b>申報日期:</b> 2002-12-06 00:00:00<br/>
                <b>流向編號:</b> DBL02834<br/>
                ]]></description>
      <Point>
        <coordinates>25.117006482895,121.71197803242,0</coordinates>
      </Point>
    </Placemark>

    <Placemark>
      <name>路竹鄉順荏土石方資源堆置場</name>
      <description><![CDATA[
                <b>名稱:</b> 路竹鄉順荏土石方資源堆置場<br/>
                <b>縣市:</b> 高雄市<br/>
                <b>類型:</b> 土資場-轉運型-<br/>
                <b>剩餘填埋量:</b> 0.0<br/>
                <b>核准填埋量:</b> 270890.0<br/>
                <b>面積:</b> 7.8214<br/>
                <b>申報日期:</b> 2003-01-03 00:00:00<br/>
                <b>流向編號:</b> DCA03264<br/>
                ]]></description>
      <Point>
        <coordinates>22.888022753972,120.26122220739,0</coordinates>
      </Point>
    </Placemark>

    <Placemark>
      <name>宜蘭縣蘇澳鎮信大水泥(股)公司南聖湖廠</name>
      <description><![CDATA[
                <b>名稱:</b> 宜蘭縣蘇澳鎮信大水泥(股)公司南聖湖廠<br/>
                <b>縣市:</b> 宜蘭縣<br/>
                <b>類型:</b> 土資場-加工型-水泥場<br/>
                <b>剩餘填埋量:</b> 150000.0<br/>
                <b>核准填埋量:</b> 0.0<br/>
                <b>面積:</b> 5000.0<br/>
                <b>申報日期:</b> 2003-01-02 00:00:00<br/>
                <b>流向編號:</b> DCA03826<br/>
                ]]></description>
      <Point>
        <coordinates>24.610103112322,121.8122221359,0</coordinates>
      </Point>
    </Placemark>

    <Placemark>
      <name>棄碴場C1(經濟部核准)</name>
      <description><![CDATA[
                <b>名稱:</b> 棄碴場C1(經濟部核准)<br/>
                <b>縣市:</b> 花蓮縣<br/>
                <b>類型:</b> 土資場-填埋型-<br/>
                <b>剩餘填埋量:</b> 98000.0<br/>
                <b>核准填埋量:</b> 98000.0<br/>
                <b>面積:</b> 2.0<br/>
                <b>申報日期:</b> 2003-01-13 00:00:00<br/>
                <b>流向編號:</b> DCA13043<br/>
                ]]></description>
      <Point>
        <coordinates>24.121156367294,121.45569394708,0</coordinates>
      </Point>
    </Placemark>

    <Placemark>
      <name>鶯歌鄉南山砂石股份有限公司</name>
      <description><![CDATA[
                <b>名稱:</b> 鶯歌鄉南山砂石股份有限公司<br/>
                <b>縣市:</b> 新北市<br/>
                <b>類型:</b> 土資場-加工型-<br/>
                <b>剩餘填埋量:</b> 0.0<br/>
                <b>核准填埋量:</b> 0.0<br/>
                <b>面積:</b> 0.8082<br/>
                <b>申報日期:</b> 2003-02-07 00:00:00<br/>
                <b>流向編號:</b> DCB07682<br/>
                ]]></description>
      <Point>
        <coordinates>24.933869008145,121.33521941152,0</coordinates>
      </Point>
    </Placemark>

    <Placemark>
      <name>賴宗彥土資場(嘉義縣民雄鄉公所核准農地改良土方堆置場37906立方公尺)(依嘉義縣政府94.10.27府城建字第0940136587號函土資資料調查已於94.08.22屆期已滿停止營運)</name>
      <description><![CDATA[
                <b>名稱:</b> 賴宗彥土資場(嘉義縣民雄鄉公所核准農地改良土方堆置場37906立方公尺)(依嘉義縣政府94.10.27府城建字第0940136587號函土資資料調查已於94.08.22屆期已滿停止營運)<br/>
                <b>縣市:</b> 嘉義縣<br/>
                <b>類型:</b> 土資場-填埋型-土地改良場<br/>
                <b>剩餘填埋量:</b> 37906.0<br/>
                <b>核准填埋量:</b> 37906.0<br/>
                <b>面積:</b> 1.3794<br/>
                <b>申報日期:</b> 2003-03-04 00:00:00<br/>
                <b>流向編號:</b> DCC10910<br/>
                ]]></description>
      <Point>
        <coordinates>23.536343005123,120.39824176578,0</coordinates>
      </Point>
    </Placemark>

    <Placemark>
      <name>宜蘭縣三星鄉勢鴻土石方資源堆置場</name>
      <description><![CDATA[
                <b>名稱:</b> 宜蘭縣三星鄉勢鴻土石方資源堆置場<br/>
                <b>縣市:</b> 宜蘭縣<br/>
                <b>類型:</b> 土資場-填埋型-<br/>
                <b>剩餘填埋量:</b> 0.0<br/>
                <b>核准填埋量:</b> 0.0<br/>
                <b>面積:</b> 11765.44<br/>
                <b>申報日期:</b> 2003-03-31 00:00:00<br/>
                <b>流向編號:</b> DCC19281<br/>
                ]]></description>
      <Point>
        <coordinates>24.6941821,121.6579238,0</coordinates>
      </Point>
    </Placemark>

    <Placemark>
      <name>東城土資場</name>
      <description><![CDATA[
                <b>名稱:</b> 東城土資場<br/>
                <b>縣市:</b> 宜蘭縣<br/>
                <b>類型:</b> 土資場-轉運型-<br/>
                <b>剩餘填埋量:</b> 0.0<br/>
                <b>核准填埋量:</b> 0.0<br/>
                <b>面積:</b> 18164.97<br/>
                <b>申報日期:</b> 2003-04-08 00:00:00<br/>
                <b>流向編號:</b> DCD08500<br/>
                ]]></description>
      <Point>
        <coordinates>24.6203736,121.8010211,0</coordinates>
      </Point>
    </Placemark>

    <Placemark>
      <name>左鎮區菜寮段土石方資源堆置場</name>
      <description><![CDATA[
                <b>名稱:</b> 左鎮區菜寮段土石方資源堆置場<br/>
                <b>縣市:</b> 台南市<br/>
                <b>類型:</b> 土資場-轉運型-<br/>
                <b>剩餘填埋量:</b> 0.0<br/>
                <b>核准填埋量:</b> 675802.0<br/>
                <b>面積:</b> 8.2535<br/>
                <b>申報日期:</b> 2003-04-09 00:00:00<br/>
                <b>流向編號:</b> DCD09616<br/>
                ]]></description>
      <Point>
        <coordinates>23.066501002948,120.38334240144,0</coordinates>
      </Point>
    </Placemark>

    <Placemark>
      <name>三叉凸土石方資源堆置場--核准期限於2008/4/8故停場</name>
      <description><![CDATA[
                <b>名稱:</b> 三叉凸土石方資源堆置場--核准期限於2008/4/8故停場<br/>
                <b>縣市:</b> 新竹縣<br/>
                <b>類型:</b> 土資場-轉運型-<br/>
                <b>剩餘填埋量:</b> 1650000.0<br/>
                <b>核准填埋量:</b> 704375.0<br/>
                <b>面積:</b> 6.5563<br/>
                <b>申報日期:</b> 2003-04-14 00:00:00<br/>
                <b>流向編號:</b> DCD14652<br/>
                ]]></description>
      <Point>
        <coordinates>24.764184523204,120.99764129581,0</coordinates>
      </Point>
    </Placemark>

    <Placemark>
      <name>好名賸餘土石方及營建混合物資源處理場</name>
      <description><![CDATA[
                <b>名稱:</b> 好名賸餘土石方及營建混合物資源處理場<br/>
                <b>縣市:</b> 台北市<br/>
                <b>類型:</b> 土資場-加工型-兼營混合物<br/>
                <b>剩餘填埋量:</b> 0.0<br/>
                <b>核准填埋量:</b> 0.0<br/>
                <b>面積:</b> 8335.0<br/>
                <b>申報日期:</b> 2003-05-05 00:00:00<br/>
                <b>流向編號:</b> DCE05273<br/>
                ]]></description>
      <Point>
        <coordinates>25.0013565,121.5890889,0</coordinates>
      </Point>
    </Placemark>

    <Placemark>
      <name>大寮鄉今禧工程土石方資源堆置處理場</name>
      <description><![CDATA[
                <b>名稱:</b> 大寮鄉今禧工程土石方資源堆置處理場<br/>
                <b>縣市:</b> 高雄市<br/>
                <b>類型:</b> 土資場-加工型-兼營混合物<br/>
                <b>剩餘填埋量:</b> 0.0<br/>
                <b>核准填埋量:</b> 0.0<br/>
                <b>面積:</b> 1.7693<br/>
                <b>申報日期:</b> 2003-05-08 00:00:00<br/>
                <b>流向編號:</b> DCE08758<br/>
                ]]></description>
      <Point>
        <coordinates>22.579582252715,120.42477957181,0</coordinates>
      </Point>
    </Placemark>

    <Placemark>
      <name>元記實業營建剩餘土石方處理場</name>
      <description><![CDATA[
                <b>名稱:</b> 元記實業營建剩餘土石方處理場<br/>
                <b>縣市:</b> 新北市<br/>
                <b>類型:</b> 土資場-加工型-磚瓦場<br/>
                <b>剩餘填埋量:</b> 0.0<br/>
                <b>核准填埋量:</b> 0.0<br/>
                <b>面積:</b> 17259.0<br/>
                <b>申報日期:</b> 2003-06-02 00:00:00<br/>
                <b>流向編號:</b> DCF02529<br/>
                ]]></description>
      <Point>
        <coordinates>24.97617,121.35024,0</coordinates>
      </Point>
    </Placemark>

    <Placemark>
      <name>台南縣新營市土石方處理及資源堆置場(依台南縣政府94.11.14府工管字第0940231619號函土資場資料調查目前暫停營運)</name>
      <description><![CDATA[
                <b>名稱:</b> 台南縣新營市土石方處理及資源堆置場(依台南縣政府94.11.14府工管字第0940231619號函土資場資料調查目前暫停營運)<br/>
                <b>縣市:</b> 台南市<br/>
                <b>類型:</b> 土資場-填埋型-<br/>
                <b>剩餘填埋量:</b> 720000.0<br/>
                <b>核准填埋量:</b> 260686.0<br/>
                <b>面積:</b> 4.163<br/>
                <b>申報日期:</b> 2003-06-02 00:00:00<br/>
                <b>流向編號:</b> DCF09636<br/>
                ]]></description>
      <Point>
        <coordinates>23.34015068645,120.29498668264,0</coordinates>
      </Point>
    </Placemark>

    <Placemark>
      <name>騰昌企業股份有限公司</name>
      <description><![CDATA[
                <b>名稱:</b> 騰昌企業股份有限公司<br/>
                <b>縣市:</b> 桃園市<br/>
                <b>類型:</b> 土資場-轉運型-<br/>
                <b>剩餘填埋量:</b> 0.0<br/>
                <b>核准填埋量:</b> 0.0<br/>
                <b>面積:</b> 1.194357<br/>
                <b>申報日期:</b> 2003-03-26 00:00:00<br/>
                <b>流向編號:</b> DCI09351<br/>
                ]]></description>
      <Point>
        <coordinates>24.978307704252,121.26354786676,0</coordinates>
      </Point>
    </Placemark>

    <Placemark>
      <name>港口段118號--暫停營運於2005/5/29</name>
      <description><![CDATA[
                <b>名稱:</b> 港口段118號--暫停營運於2005/5/29<br/>
                <b>縣市:</b> 台南市<br/>
                <b>類型:</b> 土資場-轉運型-<br/>
                <b>剩餘填埋量:</b> 1512000.0<br/>
                <b>核准填埋量:</b> 63920.0<br/>
                <b>面積:</b> 1.8781<br/>
                <b>申報日期:</b> 2003-09-18 00:00:00<br/>
                <b>流向編號:</b> DCI24402<br/>
                ]]></description>
      <Point>
        <coordinates>23.104603164857,120.2179781796,0</coordinates>
      </Point>
    </Placemark>

    <Placemark>
      <name>港口段98號--暫停營運於2006/5/29</name>
      <description><![CDATA[
                <b>名稱:</b> 港口段98號--暫停營運於2006/5/29<br/>
                <b>縣市:</b> 台南市<br/>
                <b>類型:</b> 土資場-轉運型-<br/>
                <b>剩餘填埋量:</b> 1512000.0<br/>
                <b>核准填埋量:</b> 41957.0<br/>
                <b>面積:</b> 1.2105<br/>
                <b>申報日期:</b> 2003-09-18 00:00:00<br/>
                <b>流向編號:</b> DCI24864<br/>
                ]]></description>
      <Point>
        <coordinates>23.104603164857,120.2179781796,0</coordinates>
      </Point>
    </Placemark>

    <Placemark>
      <name>玟豪土石方資源堆置場</name>
      <description><![CDATA[
                <b>名稱:</b> 玟豪土石方資源堆置場<br/>
                <b>縣市:</b> 花蓮縣<br/>
                <b>類型:</b> 土資場-加工型-<br/>
                <b>剩餘填埋量:</b> 0.0<br/>
                <b>核准填埋量:</b> 0.0<br/>
                <b>面積:</b> 3365.34<br/>
                <b>申報日期:</b> 2003-07-31 00:00:00<br/>
                <b>流向編號:</b> DCI26129<br/>
                ]]></description>
      <Point>
        <coordinates>24.318552788651,121.73552996301,0</coordinates>
      </Point>
    </Placemark>

    <Placemark>
      <name>台泥和平廠營建土石方收容處理場</name>
      <description><![CDATA[
                <b>名稱:</b> 台泥和平廠營建土石方收容處理場<br/>
                <b>縣市:</b> 花蓮縣<br/>
                <b>類型:</b> 土資場-加工型-水泥場<br/>
                <b>剩餘填埋量:</b> 0.0<br/>
                <b>核准填埋量:</b> 0.0<br/>
                <b>面積:</b> 0.9828<br/>
                <b>申報日期:</b> 2003-10-14 00:00:00<br/>
                <b>流向編號:</b> DCJ14072<br/>
                ]]></description>
      <Point>
        <coordinates>24.308817988886,121.73933183086,0</coordinates>
      </Point>
    </Placemark>

    <Placemark>
      <name>成石營建剩餘土石方資源處理場</name>
      <description><![CDATA[
                <b>名稱:</b> 成石營建剩餘土石方資源處理場<br/>
                <b>縣市:</b> 新北市<br/>
                <b>類型:</b> 土資場-加工型-<br/>
                <b>剩餘填埋量:</b> 0.0<br/>
                <b>核准填埋量:</b> 0.0<br/>
                <b>面積:</b> 16761.86<br/>
                <b>申報日期:</b> 2003-10-14 00:00:00<br/>
                <b>流向編號:</b> DCJ14832<br/>
                ]]></description>
      <Point>
        <coordinates>24.93284086993,121.51946482809,0</coordinates>
      </Point>
    </Placemark>

    <Placemark>
      <name>寶仁營建剩餘土石方資源堆置處理場 (寶仁土石開發股份有限公司)</name>
      <description><![CDATA[
                <b>名稱:</b> 寶仁營建剩餘土石方資源堆置處理場 (寶仁土石開發股份有限公司)<br/>
                <b>縣市:</b> 台中市<br/>
                <b>類型:</b> 土資場-加工型-<br/>
                <b>剩餘填埋量:</b> 0.0<br/>
                <b>核准填埋量:</b> 0.0<br/>
                <b>面積:</b> 11803.0<br/>
                <b>申報日期:</b> 2003-11-08 00:00:00<br/>
                <b>流向編號:</b> DCK08424<br/>
                ]]></description>
      <Point>
        <coordinates>24.125704,120.620374,0</coordinates>
      </Point>
    </Placemark>

    <Placemark>
      <name>遠嘉土石方資源堆置處理場</name>
      <description><![CDATA[
                <b>名稱:</b> 遠嘉土石方資源堆置處理場<br/>
                <b>縣市:</b> 新北市<br/>
                <b>類型:</b> 土資場-加工型-<br/>
                <b>剩餘填埋量:</b> 0.0<br/>
                <b>核准填埋量:</b> 0.0<br/>
                <b>面積:</b> 8439.14<br/>
                <b>申報日期:</b> 2003-11-13 00:00:00<br/>
                <b>流向編號:</b> DCK13097<br/>
                ]]></description>
      <Point>
        <coordinates>24.9757141,121.4135972,0</coordinates>
      </Point>
    </Placemark>

    <Placemark>
      <name>忠全營建混合物資源處理場</name>
      <description><![CDATA[
                <b>名稱:</b> 忠全營建混合物資源處理場<br/>
                <b>縣市:</b> 台北市<br/>
                <b>類型:</b> 土資場-加工型-兼營混合物<br/>
                <b>剩餘填埋量:</b> 53820.0<br/>
                <b>核准填埋量:</b> 0.0<br/>
                <b>面積:</b> 0.1725<br/>
                <b>申報日期:</b> 2003-12-07 00:00:00<br/>
                <b>流向編號:</b> DCL07463<br/>
                ]]></description>
      <Point>
        <coordinates>25.150120735574,121.5059430668,0</coordinates>
      </Point>
    </Placemark>

    <Placemark>
      <name>台泥花蓮廠營建土石方收容處理場所</name>
      <description><![CDATA[
                <b>名稱:</b> 台泥花蓮廠營建土石方收容處理場所<br/>
                <b>縣市:</b> 花蓮縣<br/>
                <b>類型:</b> 土資場-加工型-水泥場<br/>
                <b>剩餘填埋量:</b> 0.0<br/>
                <b>核准填埋量:</b> 0.0<br/>
                <b>面積:</b> 19.0612<br/>
                <b>申報日期:</b> 2004-01-14 00:00:00<br/>
                <b>流向編號:</b> DDA14890<br/>
                ]]></description>
      <Point>
        <coordinates>24.015002756877,121.62770337606,0</coordinates>
      </Point>
    </Placemark>

    <Placemark>
      <name>(吉吉)昶混合物分類資源處理場(每月12000立方公尺處理量)</name>
      <description><![CDATA[
                <b>名稱:</b> (吉吉)昶混合物分類資源處理場(每月12000立方公尺處理量)<br/>
                <b>縣市:</b> 台北市<br/>
                <b>類型:</b> 土資場-加工型-<br/>
                <b>剩餘填埋量:</b> 144000.0<br/>
                <b>核准填埋量:</b> 0.0<br/>
                <b>面積:</b> 0.155599<br/>
                <b>申報日期:</b> 2004-01-18 00:00:00<br/>
                <b>流向編號:</b> DDA18851<br/>
                ]]></description>
      <Point>
        <coordinates>25.066377118541,121.56946792563,0</coordinates>
      </Point>
    </Placemark>

    <Placemark>
      <name>亞太營建賸餘土石方及營建混合物資源處理場</name>
      <description><![CDATA[
                <b>名稱:</b> 亞太營建賸餘土石方及營建混合物資源處理場<br/>
                <b>縣市:</b> 台北市<br/>
                <b>類型:</b> 土資場-加工型-兼營混合物<br/>
                <b>剩餘填埋量:</b> 0.0<br/>
                <b>核准填埋量:</b> 0.0<br/>
                <b>面積:</b> 32315.0<br/>
                <b>申報日期:</b> 2004-01-20 00:00:00<br/>
                <b>流向編號:</b> DDA20254<br/>
                ]]></description>
      <Point>
        <coordinates>25.11807,121.49852,0</coordinates>
      </Point>
    </Placemark>

    <Placemark>
      <name>澄憶土石方資源堆置場</name>
      <description><![CDATA[
                <b>名稱:</b> 澄憶土石方資源堆置場<br/>
                <b>縣市:</b> 台東縣<br/>
                <b>類型:</b> 土資場-轉運型-<br/>
                <b>剩餘填埋量:</b> 0.0<br/>
                <b>核准填埋量:</b> 0.0<br/>
                <b>面積:</b> 13361.0<br/>
                <b>申報日期:</b> 2004-04-19 00:00:00<br/>
                <b>流向編號:</b> DDB25980<br/>
                ]]></description>
      <Point>
        <coordinates>22.7392066,121.1278988,0</coordinates>
      </Point>
    </Placemark>

    <Placemark>
      <name>星展科技實業有限公司</name>
      <description><![CDATA[
                <b>名稱:</b> 星展科技實業有限公司<br/>
                <b>縣市:</b> 台東縣<br/>
                <b>類型:</b> 土資場-加工型-<br/>
                <b>剩餘填埋量:</b> 0.0<br/>
                <b>核准填埋量:</b> 0.0<br/>
                <b>面積:</b> 6828.36<br/>
                <b>申報日期:</b> 2004-03-03 00:00:00<br/>
                <b>流向編號:</b> DDC03587<br/>
                ]]></description>
      <Point>
        <coordinates>22.772297654638,121.1027624082,0</coordinates>
      </Point>
    </Placemark>

    <Placemark>
      <name>后里土石方堆置場--核准期限於2007/1/7故停場</name>
      <description><![CDATA[
                <b>名稱:</b> 后里土石方堆置場--核准期限於2007/1/7故停場<br/>
                <b>縣市:</b> 台中市<br/>
                <b>類型:</b> 土資場-轉運型-<br/>
                <b>剩餘填埋量:</b> 900000.0<br/>
                <b>核准填埋量:</b> 34858.0<br/>
                <b>面積:</b> 3.4823<br/>
                <b>申報日期:</b> 2004-03-24 00:00:00<br/>
                <b>流向編號:</b> DDC24877<br/>
                ]]></description>
      <Point>
        <coordinates>24.34161139794,120.68662580376,0</coordinates>
      </Point>
    </Placemark>

    <Placemark>
      <name>南通土資場</name>
      <description><![CDATA[
                <b>名稱:</b> 南通土資場<br/>
                <b>縣市:</b> 花蓮縣<br/>
                <b>類型:</b> 土資場-填埋型-<br/>
                <b>剩餘填埋量:</b> 0.0<br/>
                <b>核准填埋量:</b> 262744.0<br/>
                <b>面積:</b> 9.59<br/>
                <b>申報日期:</b> 2004-03-25 00:00:00<br/>
                <b>流向編號:</b> DDC25961<br/>
                ]]></description>
      <Point>
        <coordinates>23.305049409409,121.32459642147,0</coordinates>
      </Point>
    </Placemark>

    <Placemark>
      <name>德山營建工程土石方資源堆置場--核准期限於2009/3/24故停場</name>
      <description><![CDATA[
                <b>名稱:</b> 德山營建工程土石方資源堆置場--核准期限於2009/3/24故停場<br/>
                <b>縣市:</b> 新北市<br/>
                <b>類型:</b> 土資場-加工型-<br/>
                <b>剩餘填埋量:</b> 0.0<br/>
                <b>核准填埋量:</b> 0.0<br/>
                <b>面積:</b> 9.88<br/>
                <b>申報日期:</b> 2004-03-30 00:00:00<br/>
                <b>流向編號:</b> DDC30486<br/>
                ]]></description>
      <Point>
        <coordinates>24.900992347141,121.33027487472,0</coordinates>
      </Point>
    </Placemark>

    <Placemark>
      <name>博烽賸餘土石方資源處理場</name>
      <description><![CDATA[
                <b>名稱:</b> 博烽賸餘土石方資源處理場<br/>
                <b>縣市:</b> 台北市<br/>
                <b>類型:</b> 土資場-加工型-<br/>
                <b>剩餘填埋量:</b> 0.0<br/>
                <b>核准填埋量:</b> 0.0<br/>
                <b>面積:</b> 0.2256<br/>
                <b>申報日期:</b> 2004-04-15 00:00:00<br/>
                <b>流向編號:</b> DDD15180<br/>
                ]]></description>
      <Point>
        <coordinates>25.103620077715,121.49765590739,0</coordinates>
      </Point>
    </Placemark>

    <Placemark>
      <name>同怡營建混合物分類處理場--停止申報營建混合物於2006/5/8</name>
      <description><![CDATA[
                <b>名稱:</b> 同怡營建混合物分類處理場--停止申報營建混合物於2006/5/8<br/>
                <b>縣市:</b> 台北市<br/>
                <b>類型:</b> 土資場-轉運型-<br/>
                <b>剩餘填埋量:</b> 78000.0<br/>
                <b>核准填埋量:</b> 0.0<br/>
                <b>面積:</b> 0.2775<br/>
                <b>申報日期:</b> 2004-04-21 00:00:00<br/>
                <b>流向編號:</b> DDD21107<br/>
                ]]></description>
      <Point>
        <coordinates>25.062466886647,121.59143588041,0</coordinates>
      </Point>
    </Placemark>

    <Placemark>
      <name>磊駿土石方餘土（含泥漿處理）堆置處理場</name>
      <description><![CDATA[
                <b>名稱:</b> 磊駿土石方餘土（含泥漿處理）堆置處理場<br/>
                <b>縣市:</b> 台北市<br/>
                <b>類型:</b> 土資場-加工型-泥漿場<br/>
                <b>剩餘填埋量:</b> 0.0<br/>
                <b>核准填埋量:</b> 0.0<br/>
                <b>面積:</b> 32541.0<br/>
                <b>申報日期:</b> 2004-04-29 00:00:00<br/>
                <b>流向編號:</b> DDD29636<br/>
                ]]></description>
      <Point>
        <coordinates>25.034588567682,121.60493674858,0</coordinates>
      </Point>
    </Placemark>

    <Placemark>
      <name>成佳砂石有限公司土石方資源堆置場--核准期限於2006/1/31故停場</name>
      <description><![CDATA[
                <b>名稱:</b> 成佳砂石有限公司土石方資源堆置場--核准期限於2006/1/31故停場<br/>
                <b>縣市:</b> 台中市<br/>
                <b>類型:</b> 土資場-轉運型-<br/>
                <b>剩餘填埋量:</b> 347196.0<br/>
                <b>核准填埋量:</b> 0.0<br/>
                <b>面積:</b> 1.1667<br/>
                <b>申報日期:</b> 2004-05-07 00:00:00<br/>
                <b>流向編號:</b> DDE07980<br/>
                ]]></description>
      <Point>
        <coordinates>24.224007946537,120.50454661409,0</coordinates>
      </Point>
    </Placemark>

    <Placemark>
      <name>統日實業股份有限公司</name>
      <description><![CDATA[
                <b>名稱:</b> 統日實業股份有限公司<br/>
                <b>縣市:</b> 苗栗縣<br/>
                <b>類型:</b> 土資場-加工型-砂石場<br/>
                <b>剩餘填埋量:</b> 0.0<br/>
                <b>核准填埋量:</b> 0.0<br/>
                <b>面積:</b> 19611.54<br/>
                <b>申報日期:</b> 2004-05-10 00:00:00<br/>
                <b>流向編號:</b> DDE10722<br/>
                ]]></description>
      <Point>
        <coordinates>24.3008302,120.8284972,0</coordinates>
      </Point>
    </Placemark>

    <Placemark>
      <name>燕巢區京福土石方資源堆置處理場</name>
      <description><![CDATA[
                <b>名稱:</b> 燕巢區京福土石方資源堆置處理場<br/>
                <b>縣市:</b> 高雄市<br/>
                <b>類型:</b> 土資場-轉運型-<br/>
                <b>剩餘填埋量:</b> 0.0<br/>
                <b>核准填埋量:</b> 0.0<br/>
                <b>面積:</b> 12840.0<br/>
                <b>申報日期:</b> 2004-08-02 00:00:00<br/>
                <b>流向編號:</b> DDE24213<br/>
                ]]></description>
      <Point>
        <coordinates>22.7729575,120.3798513,0</coordinates>
      </Point>
    </Placemark>

    <Placemark>
      <name>統發營建剩餘土石方資源堆置處理場</name>
      <description><![CDATA[
                <b>名稱:</b> 統發營建剩餘土石方資源堆置處理場<br/>
                <b>縣市:</b> 台中市<br/>
                <b>類型:</b> 土資場-轉運型-<br/>
                <b>剩餘填埋量:</b> 0.0<br/>
                <b>核准填埋量:</b> 0.0<br/>
                <b>面積:</b> 12423.0<br/>
                <b>申報日期:</b> 2004-06-07 00:00:00<br/>
                <b>流向編號:</b> DDF07225<br/>
                ]]></description>
      <Point>
        <coordinates>24.12585,120.62063,0</coordinates>
      </Point>
    </Placemark>

    <Placemark>
      <name>木盛土石方資源堆置場</name>
      <description><![CDATA[
                <b>名稱:</b> 木盛土石方資源堆置場<br/>
                <b>縣市:</b> 新竹市<br/>
                <b>類型:</b> 土資場-轉運型-<br/>
                <b>剩餘填埋量:</b> 0.0<br/>
                <b>核准填埋量:</b> 0.0<br/>
                <b>面積:</b> 16960.3<br/>
                <b>申報日期:</b> 2004-06-23 00:00:00<br/>
                <b>流向編號:</b> DDF23691<br/>
                ]]></description>
      <Point>
        <coordinates>244416.1,1205310.0,0</coordinates>
      </Point>
    </Placemark>

    <Placemark>
      <name>榮大土石方既有處理場所</name>
      <description><![CDATA[
                <b>名稱:</b> 榮大土石方既有處理場所<br/>
                <b>縣市:</b> 新竹縣<br/>
                <b>類型:</b> 土資場-加工型-砂石場<br/>
                <b>剩餘填埋量:</b> 0.0<br/>
                <b>核准填埋量:</b> 0.0<br/>
                <b>面積:</b> 12865.7<br/>
                <b>申報日期:</b> 2004-08-02 00:00:00<br/>
                <b>流向編號:</b> DDG01508<br/>
                ]]></description>
      <Point>
        <coordinates>24.742831171321,121.10047769319,0</coordinates>
      </Point>
    </Placemark>

    <Placemark>
      <name>華園土石方資源堆置場</name>
      <description><![CDATA[
                <b>名稱:</b> 華園土石方資源堆置場<br/>
                <b>縣市:</b> 新竹縣<br/>
                <b>類型:</b> 土資場-轉運型-<br/>
                <b>剩餘填埋量:</b> 39479.5<br/>
                <b>核准填埋量:</b> 2720000.0<br/>
                <b>面積:</b> 201431.0<br/>
                <b>申報日期:</b> 2004-08-03 00:00:00<br/>
                <b>流向編號:</b> DDG19426<br/>
                ]]></description>
      <Point>
        <coordinates>24.135411856826,120.68675271135,0</coordinates>
      </Point>
    </Placemark>

    <Placemark>
      <name>裕成砂石場</name>
      <description><![CDATA[
                <b>名稱:</b> 裕成砂石場<br/>
                <b>縣市:</b> 新北市<br/>
                <b>類型:</b> 土資場-加工型-<br/>
                <b>剩餘填埋量:</b> 0.0<br/>
                <b>核准填埋量:</b> 0.0<br/>
                <b>面積:</b> 1.7629<br/>
                <b>申報日期:</b> 2004-09-30 00:00:00<br/>
                <b>流向編號:</b> DDH26926<br/>
                ]]></description>
      <Point>
        <coordinates>24.948820277645,121.39824980894,0</coordinates>
      </Point>
    </Placemark>

    <Placemark>
      <name>俊行記土石方資源堆置處理場</name>
      <description><![CDATA[
                <b>名稱:</b> 俊行記土石方資源堆置處理場<br/>
                <b>縣市:</b> 新北市<br/>
                <b>類型:</b> 土資場-轉運型-<br/>
                <b>剩餘填埋量:</b> 0.0<br/>
                <b>核准填埋量:</b> 0.0<br/>
                <b>面積:</b> 43885.0<br/>
                <b>申報日期:</b> 2004-09-20 00:00:00<br/>
                <b>流向編號:</b> DDI20572<br/>
                ]]></description>
      <Point>
        <coordinates>24.982875449684,121.34768673794,0</coordinates>
      </Point>
    </Placemark>

    <Placemark>
      <name>咸臨土石方資源轉運堆置場</name>
      <description><![CDATA[
                <b>名稱:</b> 咸臨土石方資源轉運堆置場<br/>
                <b>縣市:</b> 宜蘭縣<br/>
                <b>類型:</b> 土資場-填埋型-<br/>
                <b>剩餘填埋量:</b> 0.0<br/>
                <b>核准填埋量:</b> 0.0<br/>
                <b>面積:</b> 1167.0<br/>
                <b>申報日期:</b> 2004-09-21 00:00:00<br/>
                <b>流向編號:</b> DDI21359<br/>
                ]]></description>
      <Point>
        <coordinates>24.7003898,121.6929175,0</coordinates>
      </Point>
    </Placemark>

    <Placemark>
      <name>立順興資源科技股份有限公司</name>
      <description><![CDATA[
                <b>名稱:</b> 立順興資源科技股份有限公司<br/>
                <b>縣市:</b> 苗栗縣<br/>
                <b>類型:</b> 土資場-加工型-砂石場<br/>
                <b>剩餘填埋量:</b> 0.0<br/>
                <b>核准填埋量:</b> 0.0<br/>
                <b>面積:</b> 8000.0<br/>
                <b>申報日期:</b> 2004-09-21 00:00:00<br/>
                <b>流向編號:</b> DDI21395<br/>
                ]]></description>
      <Point>
        <coordinates>24.5907951,120.7715865,0</coordinates>
      </Point>
    </Placemark>

    <Placemark>
      <name>此案督導報告未列-總茂環保營建混合物分類處理場</name>
      <description><![CDATA[
                <b>名稱:</b> 此案督導報告未列-總茂環保營建混合物分類處理場<br/>
                <b>縣市:</b> 台中市<br/>
                <b>類型:</b> 營建廢棄物專場<br/>
                <b>剩餘填埋量:</b> 0.0<br/>
                <b>核准填埋量:</b> 0.0<br/>
                <b>面積:</b> 0.508379<br/>
                <b>申報日期:</b> 2004-10-06 00:00:00<br/>
                <b>流向編號:</b> DDJ06484<br/>
                ]]></description>
      <Point>
        <coordinates>24.207901788704,120.65111713223,0</coordinates>
      </Point>
    </Placemark>

    <Placemark>
      <name>堃裕開發股份有限公司(台東豐年場)</name>
      <description><![CDATA[
                <b>名稱:</b> 堃裕開發股份有限公司(台東豐年場)<br/>
                <b>縣市:</b> 台東縣<br/>
                <b>類型:</b> 土資場-加工型-<br/>
                <b>剩餘填埋量:</b> 0.0<br/>
                <b>核准填埋量:</b> 0.0<br/>
                <b>面積:</b> 0.557<br/>
                <b>申報日期:</b> 2004-11-23 00:00:00<br/>
                <b>流向編號:</b> DDK23774<br/>
                ]]></description>
      <Point>
        <coordinates>22.774509905228,121.12326777322,0</coordinates>
      </Point>
    </Placemark>

    <Placemark>
      <name>寶成土石方資源堆置處理場</name>
      <description><![CDATA[
                <b>名稱:</b> 寶成土石方資源堆置處理場<br/>
                <b>縣市:</b> 新竹縣<br/>
                <b>類型:</b> 土資場-轉運型-<br/>
                <b>剩餘填埋量:</b> 0.0<br/>
                <b>核准填埋量:</b> 95640.6<br/>
                <b>面積:</b> 4.7274<br/>
                <b>申報日期:</b> 2004-12-28 00:00:00<br/>
                <b>流向編號:</b> DDL28245<br/>
                ]]></description>
      <Point>
        <coordinates>24.71501369513,120.9576512514,0</coordinates>
      </Point>
    </Placemark>

    <Placemark>
      <name>展能前瞻營建混合物資源處理場--停止申報營建混合物於2006/5/8</name>
      <description><![CDATA[
                <b>名稱:</b> 展能前瞻營建混合物資源處理場--停止申報營建混合物於2006/5/8<br/>
                <b>縣市:</b> 新竹市<br/>
                <b>類型:</b> 土資場-填埋型-<br/>
                <b>剩餘填埋量:</b> 280000.0<br/>
                <b>核准填埋量:</b> 0.0<br/>
                <b>面積:</b> 0.3232<br/>
                <b>申報日期:</b> 2005-01-13 00:00:00<br/>
                <b>流向編號:</b> DEA13316<br/>
                ]]></description>
      <Point>
        <coordinates>24.808827371697,120.97449207052,0</coordinates>
      </Point>
    </Placemark>

    <Placemark>
      <name>花建實業有限公司</name>
      <description><![CDATA[
                <b>名稱:</b> 花建實業有限公司<br/>
                <b>縣市:</b> 花蓮縣<br/>
                <b>類型:</b> 土資場-加工型-砂石場<br/>
                <b>剩餘填埋量:</b> 0.0<br/>
                <b>核准填埋量:</b> 0.0<br/>
                <b>面積:</b> 11215.38<br/>
                <b>申報日期:</b> 2005-01-26 00:00:00<br/>
                <b>流向編號:</b> DEA26732<br/>
                ]]></description>
      <Point>
        <coordinates>23.767991640448,121.49192526334,0</coordinates>
      </Point>
    </Placemark>

    <Placemark>
      <name>磐石土資場--停止營運於2008/7/8</name>
      <description><![CDATA[
                <b>名稱:</b> 磐石土資場--停止營運於2008/7/8<br/>
                <b>縣市:</b> 雲林縣<br/>
                <b>類型:</b> 土資場-轉運型-<br/>
                <b>剩餘填埋量:</b> 6000000.0<br/>
                <b>核准填埋量:</b> 0.0<br/>
                <b>面積:</b> 1.4438<br/>
                <b>申報日期:</b> 2005-02-17 00:00:00<br/>
                <b>流向編號:</b> DEB17470<br/>
                ]]></description>
      <Point>
        <coordinates>23.823769955723,120.34277560034,0</coordinates>
      </Point>
    </Placemark>

    <Placemark>
      <name>江水林土改場--停場於2006年</name>
      <description><![CDATA[
                <b>名稱:</b> 江水林土改場--停場於2006年<br/>
                <b>縣市:</b> 嘉義縣<br/>
                <b>類型:</b> 土資場-填埋型-土地改良場<br/>
                <b>剩餘填埋量:</b> 94518.0<br/>
                <b>核准填埋量:</b> 94518.0<br/>
                <b>面積:</b> 1.2659<br/>
                <b>申報日期:</b> 2005-02-22 00:00:00<br/>
                <b>流向編號:</b> DEB22376<br/>
                ]]></description>
      <Point>
        <coordinates>23.561303025116,120.42698210576,0</coordinates>
      </Point>
    </Placemark>

    <Placemark>
      <name>東億關連土石方資源堆置處理場</name>
      <description><![CDATA[
                <b>名稱:</b> 東億關連土石方資源堆置處理場<br/>
                <b>縣市:</b> 台中市<br/>
                <b>類型:</b> 土資場-加工型-兼營混合物<br/>
                <b>剩餘填埋量:</b> 0.0<br/>
                <b>核准填埋量:</b> 0.0<br/>
                <b>面積:</b> 12217.0<br/>
                <b>申報日期:</b> 2005-02-22 00:00:00<br/>
                <b>流向編號:</b> DEB22703<br/>
                ]]></description>
      <Point>
        <coordinates>24.209314,120.509898,0</coordinates>
      </Point>
    </Placemark>

    <Placemark>
      <name>威神企業有限公司</name>
      <description><![CDATA[
                <b>名稱:</b> 威神企業有限公司<br/>
                <b>縣市:</b> 花蓮縣<br/>
                <b>類型:</b> 土資場-加工型-<br/>
                <b>剩餘填埋量:</b> 0.0<br/>
                <b>核准填埋量:</b> 0.0<br/>
                <b>面積:</b> 21500.0<br/>
                <b>申報日期:</b> 2005-03-02 00:00:00<br/>
                <b>流向編號:</b> DEC02757<br/>
                ]]></description>
      <Point>
        <coordinates>23.9249692,121.5827451,0</coordinates>
      </Point>
    </Placemark>

    <Placemark>
      <name>甲騰企業有限公司</name>
      <description><![CDATA[
                <b>名稱:</b> 甲騰企業有限公司<br/>
                <b>縣市:</b> 苗栗縣<br/>
                <b>類型:</b> 土資場-加工型-砂石場<br/>
                <b>剩餘填埋量:</b> 0.0<br/>
                <b>核准填埋量:</b> 0.0<br/>
                <b>面積:</b> 56338.67<br/>
                <b>申報日期:</b> 2005-03-08 00:00:00<br/>
                <b>流向編號:</b> DEC09451<br/>
                ]]></description>
      <Point>
        <coordinates>24.3389481,120.7504788,0</coordinates>
      </Point>
    </Placemark>

    <Placemark>
      <name>觀音鄉長營土石方資源堆置處理場(長營通運有限公司)</name>
      <description><![CDATA[
                <b>名稱:</b> 觀音鄉長營土石方資源堆置處理場(長營通運有限公司)<br/>
                <b>縣市:</b> 桃園市<br/>
                <b>類型:</b> 土資場-轉運型-<br/>
                <b>剩餘填埋量:</b> 0.0<br/>
                <b>核准填埋量:</b> 0.0<br/>
                <b>面積:</b> 1.535<br/>
                <b>申報日期:</b> 2005-04-25 00:00:00<br/>
                <b>流向編號:</b> DED25564<br/>
                ]]></description>
      <Point>
        <coordinates>25.031429442949,121.10473021087,0</coordinates>
      </Point>
    </Placemark>

    <Placemark>
      <name>泰暘砂石有限公司</name>
      <description><![CDATA[
                <b>名稱:</b> 泰暘砂石有限公司<br/>
                <b>縣市:</b> 桃園市<br/>
                <b>類型:</b> 土資場-加工型-砂石場<br/>
                <b>剩餘填埋量:</b> 0.0<br/>
                <b>核准填埋量:</b> 0.0<br/>
                <b>面積:</b> 13663.0<br/>
                <b>申報日期:</b> 2005-05-03 00:00:00<br/>
                <b>流向編號:</b> DEE03006<br/>
                ]]></description>
      <Point>
        <coordinates>25.0815227,121.1930002,0</coordinates>
      </Point>
    </Placemark>

    <Placemark>
      <name>望安土資場</name>
      <description><![CDATA[
                <b>名稱:</b> 望安土資場<br/>
                <b>縣市:</b> 澎湖縣<br/>
                <b>類型:</b> 土資場-填埋型-<br/>
                <b>剩餘填埋量:</b> 0.0<br/>
                <b>核准填埋量:</b> 80000.0<br/>
                <b>面積:</b> 32120.0<br/>
                <b>申報日期:</b> 2004-06-09 00:00:00<br/>
                <b>流向編號:</b> DEF08986<br/>
                ]]></description>
      <Point>
        <coordinates>23.3708131,119.5140777,0</coordinates>
      </Point>
    </Placemark>

    <Placemark>
      <name>朝春營建混合物資源處理場--停止申報營建混和物於2006/5/8</name>
      <description><![CDATA[
                <b>名稱:</b> 朝春營建混合物資源處理場--停止申報營建混和物於2006/5/8<br/>
                <b>縣市:</b> 新竹市<br/>
                <b>類型:</b> 土資場-填埋型-<br/>
                <b>剩餘填埋量:</b> 260000.0<br/>
                <b>核准填埋量:</b> 0.0<br/>
                <b>面積:</b> 0.192517<br/>
                <b>申報日期:</b> 2005-06-22 00:00:00<br/>
                <b>流向編號:</b> DEF22280<br/>
                ]]></description>
      <Point>
        <coordinates>24.73942835115,120.88000223627,0</coordinates>
      </Point>
    </Placemark>

    <Placemark>
      <name>增泰砂石股份有限公司--停止營運於2008/5/9</name>
      <description><![CDATA[
                <b>名稱:</b> 增泰砂石股份有限公司--停止營運於2008/5/9<br/>
                <b>縣市:</b> 台中市<br/>
                <b>類型:</b> 土資場-加工型-砂石場<br/>
                <b>剩餘填埋量:</b> 357120.0<br/>
                <b>核准填埋量:</b> 10380.0<br/>
                <b>面積:</b> 1.593344<br/>
                <b>申報日期:</b> 2005-07-12 00:00:00<br/>
                <b>流向編號:</b> DEG12454<br/>
                ]]></description>
      <Point>
        <coordinates>24.271232582879,120.7723236357,0</coordinates>
      </Point>
    </Placemark>

    <Placemark>
      <name>永駿豐土石方資源堆置場</name>
      <description><![CDATA[
                <b>名稱:</b> 永駿豐土石方資源堆置場<br/>
                <b>縣市:</b> 高雄市<br/>
                <b>類型:</b> 土資場-加工型-<br/>
                <b>剩餘填埋量:</b> 0.0<br/>
                <b>核准填埋量:</b> 0.0<br/>
                <b>面積:</b> 1.1673<br/>
                <b>申報日期:</b> 2005-07-25 00:00:00<br/>
                <b>流向編號:</b> DEG25576<br/>
                ]]></description>
      <Point>
        <coordinates>22.744384862625,120.34551939113,0</coordinates>
      </Point>
    </Placemark>

    <Placemark>
      <name>東旭園藝土石方資源堆置場</name>
      <description><![CDATA[
                <b>名稱:</b> 東旭園藝土石方資源堆置場<br/>
                <b>縣市:</b> 宜蘭縣<br/>
                <b>類型:</b> 土資場-轉運型-<br/>
                <b>剩餘填埋量:</b> 0.0<br/>
                <b>核准填埋量:</b> 25581.0<br/>
                <b>面積:</b> 1.245962<br/>
                <b>申報日期:</b> 2005-09-05 00:00:00<br/>
                <b>流向編號:</b> DEI05489<br/>
                ]]></description>
      <Point>
        <coordinates>24.61578519511,121.74204850963,0</coordinates>
      </Point>
    </Placemark>

    <Placemark>
      <name>德石土石方資源堆置轉運場</name>
      <description><![CDATA[
                <b>名稱:</b> 德石土石方資源堆置轉運場<br/>
                <b>縣市:</b> 宜蘭縣<br/>
                <b>類型:</b> 土資場-轉運型-<br/>
                <b>剩餘填埋量:</b> 0.0<br/>
                <b>核准填埋量:</b> 47749.0<br/>
                <b>面積:</b> 1.6321<br/>
                <b>申報日期:</b> 2005-09-28 00:00:00<br/>
                <b>流向編號:</b> DEI28260<br/>
                ]]></description>
      <Point>
        <coordinates>24.777396666589,121.64598779755,0</coordinates>
      </Point>
    </Placemark>

    <Placemark>
      <name>台山企業行-台南市大內區石城段1305、1306地號土資場</name>
      <description><![CDATA[
                <b>名稱:</b> 台山企業行-台南市大內區石城段1305、1306地號土資場<br/>
                <b>縣市:</b> 台南市<br/>
                <b>類型:</b> 土資場-轉運型-<br/>
                <b>剩餘填埋量:</b> 0.0<br/>
                <b>核准填埋量:</b> 0.0<br/>
                <b>面積:</b> 17685.38<br/>
                <b>申報日期:</b> 2005-08-31 00:00:00<br/>
                <b>流向編號:</b> DEJ04829<br/>
                ]]></description>
      <Point>
        <coordinates>23.1092253,120.3612274,0</coordinates>
      </Point>
    </Placemark>

    <Placemark>
      <name>正群實業股份有限公司</name>
      <description><![CDATA[
                <b>名稱:</b> 正群實業股份有限公司<br/>
                <b>縣市:</b> 台東縣<br/>
                <b>類型:</b> 土資場-加工型-<br/>
                <b>剩餘填埋量:</b> 0.0<br/>
                <b>核准填埋量:</b> 0.0<br/>
                <b>面積:</b> 5259.6<br/>
                <b>申報日期:</b> 2005-10-21 00:00:00<br/>
                <b>流向編號:</b> DEJ21570<br/>
                ]]></description>
      <Point>
        <coordinates>23.1013681,121.3782152,0</coordinates>
      </Point>
    </Placemark>

    <Placemark>
      <name>廣柏土石方資源堆置及營建混合物處理場</name>
      <description><![CDATA[
                <b>名稱:</b> 廣柏土石方資源堆置及營建混合物處理場<br/>
                <b>縣市:</b> 新竹市<br/>
                <b>類型:</b> 土資場-轉運型-<br/>
                <b>剩餘填埋量:</b> 0.0<br/>
                <b>核准填埋量:</b> 0.0<br/>
                <b>面積:</b> 17380.67<br/>
                <b>申報日期:</b> 2005-10-27 00:00:00<br/>
                <b>流向編號:</b> DEJ27276<br/>
                ]]></description>
      <Point>
        <coordinates>24.812679,120.918684,0</coordinates>
      </Point>
    </Placemark>

    <Placemark>
      <name>林口後坑土石方資源堆置場</name>
      <description><![CDATA[
                <b>名稱:</b> 林口後坑土石方資源堆置場<br/>
                <b>縣市:</b> 新北市<br/>
                <b>類型:</b> 土資場-填埋型-<br/>
                <b>剩餘填埋量:</b> 1233229.38<br/>
                <b>核准填埋量:</b> 9041300.88<br/>
                <b>面積:</b> 408982.08<br/>
                <b>申報日期:</b> 2005-11-17 00:00:00<br/>
                <b>流向編號:</b> DEK17090<br/>
                ]]></description>
      <Point>
        <coordinates>25.115615855662,121.37389318188,0</coordinates>
      </Point>
    </Placemark>

    <Placemark>
      <name>大山土石方既有處理場</name>
      <description><![CDATA[
                <b>名稱:</b> 大山土石方既有處理場<br/>
                <b>縣市:</b> 新竹縣<br/>
                <b>類型:</b> 土資場-加工型-砂石場<br/>
                <b>剩餘填埋量:</b> 0.0<br/>
                <b>核准填埋量:</b> 0.0<br/>
                <b>面積:</b> 12456.68<br/>
                <b>申報日期:</b> 2005-12-08 00:00:00<br/>
                <b>流向編號:</b> DEL08715<br/>
                ]]></description>
      <Point>
        <coordinates>24.785744,121.051855,0</coordinates>
      </Point>
    </Placemark>

    <Placemark>
      <name>鼎新土石方資源堆置處理場</name>
      <description><![CDATA[
                <b>名稱:</b> 鼎新土石方資源堆置處理場<br/>
                <b>縣市:</b> 新竹縣<br/>
                <b>類型:</b> 土資場-轉運型-<br/>
                <b>剩餘填埋量:</b> 0.0<br/>
                <b>核准填埋量:</b> 0.0<br/>
                <b>面積:</b> 14144.0<br/>
                <b>申報日期:</b> 2005-12-19 00:00:00<br/>
                <b>流向編號:</b> DEL19676<br/>
                ]]></description>
      <Point>
        <coordinates>24.9267428,121.0462421,0</coordinates>
      </Point>
    </Placemark>

    <Placemark>
      <name>上福土石方資源堆置處理場</name>
      <description><![CDATA[
                <b>名稱:</b> 上福土石方資源堆置處理場<br/>
                <b>縣市:</b> 桃園市<br/>
                <b>類型:</b> 土資場-轉運型-<br/>
                <b>剩餘填埋量:</b> 0.0<br/>
                <b>核准填埋量:</b> 0.0<br/>
                <b>面積:</b> 17297.2<br/>
                <b>申報日期:</b> 2005-12-21 00:00:00<br/>
                <b>流向編號:</b> DEL22124<br/>
                ]]></description>
      <Point>
        <coordinates>25.0706875,121.1380625,0</coordinates>
      </Point>
    </Placemark>

    <Placemark>
      <name>淳家土石方資源堆置場</name>
      <description><![CDATA[
                <b>名稱:</b> 淳家土石方資源堆置場<br/>
                <b>縣市:</b> 新北市<br/>
                <b>類型:</b> 土資場-加工型-<br/>
                <b>剩餘填埋量:</b> 0.0<br/>
                <b>核准填埋量:</b> 0.0<br/>
                <b>面積:</b> 44330.98<br/>
                <b>申報日期:</b> 2005-12-22 00:00:00<br/>
                <b>流向編號:</b> DEL22767<br/>
                ]]></description>
      <Point>
        <coordinates>25.1161157,121.2867451,0</coordinates>
      </Point>
    </Placemark>

    <Placemark>
      <name>友正土石方資源堆置場</name>
      <description><![CDATA[
                <b>名稱:</b> 友正土石方資源堆置場<br/>
                <b>縣市:</b> 花蓮縣<br/>
                <b>類型:</b> 土資場-加工型-砂石場<br/>
                <b>剩餘填埋量:</b> 0.0<br/>
                <b>核准填埋量:</b> 0.0<br/>
                <b>面積:</b> 10952.11<br/>
                <b>申報日期:</b> 2006-01-23 00:00:00<br/>
                <b>流向編號:</b> DFA23392<br/>
                ]]></description>
      <Point>
        <coordinates>23.925488151204,121.58383349888,0</coordinates>
      </Point>
    </Placemark>

    <Placemark>
      <name>立益工業股份有限公司</name>
      <description><![CDATA[
                <b>名稱:</b> 立益工業股份有限公司<br/>
                <b>縣市:</b> 苗栗縣<br/>
                <b>類型:</b> 土資場-加工型-砂石場<br/>
                <b>剩餘填埋量:</b> 0.0<br/>
                <b>核准填埋量:</b> 0.0<br/>
                <b>面積:</b> 24424.79<br/>
                <b>申報日期:</b> 2006-03-27 00:00:00<br/>
                <b>流向編號:</b> DFC27397<br/>
                ]]></description>
      <Point>
        <coordinates>24.3568125,120.7399375,0</coordinates>
      </Point>
    </Placemark>

    <Placemark>
      <name>連江縣南竿鄉營建土資場</name>
      <description><![CDATA[
                <b>名稱:</b> 連江縣南竿鄉營建土資場<br/>
                <b>縣市:</b> 連江縣馬祖<br/>
                <b>類型:</b> 土資場-轉運型-<br/>
                <b>剩餘填埋量:</b> 0.0<br/>
                <b>核准填埋量:</b> 0.0<br/>
                <b>面積:</b> 17978.0<br/>
                <b>申報日期:</b> 2006-04-03 00:00:00<br/>
                <b>流向編號:</b> DFD03920<br/>
                ]]></description>
      <Point>
        <coordinates>63456.0,2780935.0,0</coordinates>
      </Point>
    </Placemark>

    <Placemark>
      <name>岡山區展聯土石方資源堆置場(展聯股份有限公司)</name>
      <description><![CDATA[
                <b>名稱:</b> 岡山區展聯土石方資源堆置場(展聯股份有限公司)<br/>
                <b>縣市:</b> 高雄市<br/>
                <b>類型:</b> 土資場-加工型-兼營混合物<br/>
                <b>剩餘填埋量:</b> 201780.6<br/>
                <b>核准填埋量:</b> 201780.6<br/>
                <b>面積:</b> 53509.53<br/>
                <b>申報日期:</b> 2006-04-13 00:00:00<br/>
                <b>流向編號:</b> DFD20942<br/>
                ]]></description>
      <Point>
        <coordinates>22.8269704,120.3350674,0</coordinates>
      </Point>
    </Placemark>

    <Placemark>
      <name>日通營建剩餘土石方資源堆置場(顯耀股份有限公司)</name>
      <description><![CDATA[
                <b>名稱:</b> 日通營建剩餘土石方資源堆置場(顯耀股份有限公司)<br/>
                <b>縣市:</b> 新竹市<br/>
                <b>類型:</b> 土資場-轉運型-<br/>
                <b>剩餘填埋量:</b> 0.0<br/>
                <b>核准填埋量:</b> 0.0<br/>
                <b>面積:</b> 29207.13<br/>
                <b>申報日期:</b> 2006-04-03 00:00:00<br/>
                <b>流向編號:</b> DFD21753<br/>
                ]]></description>
      <Point>
        <coordinates>24.8293689,120.9204109,0</coordinates>
      </Point>
    </Placemark>

    <Placemark>
      <name>國際土石方資源堆置處理場</name>
      <description><![CDATA[
                <b>名稱:</b> 國際土石方資源堆置處理場<br/>
                <b>縣市:</b> 台北市<br/>
                <b>類型:</b> 土資場-加工型-<br/>
                <b>剩餘填埋量:</b> 0.0<br/>
                <b>核准填埋量:</b> 0.0<br/>
                <b>面積:</b> 13773.05<br/>
                <b>申報日期:</b> 2015-07-20 00:00:00<br/>
                <b>流向編號:</b> DFD28817<br/>
                ]]></description>
      <Point>
        <coordinates>25.1224246,121.4731674,0</coordinates>
      </Point>
    </Placemark>

    <Placemark>
      <name>陸誠預拌混凝土有限公司土資場</name>
      <description><![CDATA[
                <b>名稱:</b> 陸誠預拌混凝土有限公司土資場<br/>
                <b>縣市:</b> 台中市<br/>
                <b>類型:</b> 土資場-加工型-砂石場<br/>
                <b>剩餘填埋量:</b> 0.0<br/>
                <b>核准填埋量:</b> 0.0<br/>
                <b>面積:</b> 5993.76<br/>
                <b>申報日期:</b> 2006-05-01 00:00:00<br/>
                <b>流向編號:</b> DFE01748<br/>
                ]]></description>
      <Point>
        <coordinates>24.2946815,120.6270085,0</coordinates>
      </Point>
    </Placemark>

    <Placemark>
      <name>綠洲土石方資源堆置場</name>
      <description><![CDATA[
                <b>名稱:</b> 綠洲土石方資源堆置場<br/>
                <b>縣市:</b> 高雄市<br/>
                <b>類型:</b> 土資場-轉運型-<br/>
                <b>剩餘填埋量:</b> 0.0<br/>
                <b>核准填埋量:</b> 0.0<br/>
                <b>面積:</b> 20195.8<br/>
                <b>申報日期:</b> 2006-05-05 00:00:00<br/>
                <b>流向編號:</b> DFE05537<br/>
                ]]></description>
      <Point>
        <coordinates>22.6889579,120.3587239,0</coordinates>
      </Point>
    </Placemark>

    <Placemark>
      <name>上勇開發有限公司</name>
      <description><![CDATA[
                <b>名稱:</b> 上勇開發有限公司<br/>
                <b>縣市:</b> 台東縣<br/>
                <b>類型:</b> 土資場-轉運型-<br/>
                <b>剩餘填埋量:</b> 0.0<br/>
                <b>核准填埋量:</b> 0.0<br/>
                <b>面積:</b> 8864.52<br/>
                <b>申報日期:</b> 2006-03-20 00:00:00<br/>
                <b>流向編號:</b> DFE10611<br/>
                ]]></description>
      <Point>
        <coordinates>22.7748408,121.1053878,0</coordinates>
      </Point>
    </Placemark>

    <Placemark>
      <name>福宏土資場股份有限公司</name>
      <description><![CDATA[
                <b>名稱:</b> 福宏土資場股份有限公司<br/>
                <b>縣市:</b> 苗栗縣<br/>
                <b>類型:</b> 土資場-加工型-兼營混合物<br/>
                <b>剩餘填埋量:</b> 0.0<br/>
                <b>核准填埋量:</b> 0.0<br/>
                <b>面積:</b> 12890.26<br/>
                <b>申報日期:</b> 2006-05-15 00:00:00<br/>
                <b>流向編號:</b> DFE15836<br/>
                ]]></description>
      <Point>
        <coordinates>24.4797621,120.8063098,0</coordinates>
      </Point>
    </Placemark>

    <Placemark>
      <name>大盛土石方資源堆置處理場</name>
      <description><![CDATA[
                <b>名稱:</b> 大盛土石方資源堆置處理場<br/>
                <b>縣市:</b> 台中市<br/>
                <b>類型:</b> 土資場-加工型-兼營混合物<br/>
                <b>剩餘填埋量:</b> 0.0<br/>
                <b>核准填埋量:</b> 0.0<br/>
                <b>面積:</b> 20111.0<br/>
                <b>申報日期:</b> 2017-07-13 00:00:00<br/>
                <b>流向編號:</b> DFE26444<br/>
                ]]></description>
      <Point>
        <coordinates>24.213155,120.509082,0</coordinates>
      </Point>
    </Placemark>

    <Placemark>
      <name>世芳營建工程剩餘土石方處理場</name>
      <description><![CDATA[
                <b>名稱:</b> 世芳營建工程剩餘土石方處理場<br/>
                <b>縣市:</b> 新北市<br/>
                <b>類型:</b> 土資場-加工型-<br/>
                <b>剩餘填埋量:</b> 0.0<br/>
                <b>核准填埋量:</b> 0.0<br/>
                <b>面積:</b> 7455.0<br/>
                <b>申報日期:</b> 2006-06-21 00:00:00<br/>
                <b>流向編號:</b> DFF21675<br/>
                ]]></description>
      <Point>
        <coordinates>25.003285,121.4231741,0</coordinates>
      </Point>
    </Placemark>

    <Placemark>
      <name>益廣達實業(股)公司</name>
      <description><![CDATA[
                <b>名稱:</b> 益廣達實業(股)公司<br/>
                <b>縣市:</b> 新竹縣<br/>
                <b>類型:</b> 土資場-加工型-<br/>
                <b>剩餘填埋量:</b> 0.0<br/>
                <b>核准填埋量:</b> 0.0<br/>
                <b>面積:</b> 11393.0<br/>
                <b>申報日期:</b> 2006-07-10 00:00:00<br/>
                <b>流向編號:</b> DFG10424<br/>
                ]]></description>
      <Point>
        <coordinates>24.8479874,121.0165634,0</coordinates>
      </Point>
    </Placemark>

    <Placemark>
      <name>允而富土石方資源堆置處理場</name>
      <description><![CDATA[
                <b>名稱:</b> 允而富土石方資源堆置處理場<br/>
                <b>縣市:</b> 台中市<br/>
                <b>類型:</b> 土資場-轉運型-<br/>
                <b>剩餘填埋量:</b> 0.0<br/>
                <b>核准填埋量:</b> 0.0<br/>
                <b>面積:</b> 1.0211<br/>
                <b>申報日期:</b> 2006-07-17 00:00:00<br/>
                <b>流向編號:</b> DFG17917<br/>
                ]]></description>
      <Point>
        <coordinates>24.197635690169,120.52459934598,0</coordinates>
      </Point>
    </Placemark>

    <Placemark>
      <name>科工土石方資源堆置處理場安南區學南段1043、1050、1050-2、1044-1及1044-2地號共5筆土地</name>
      <description><![CDATA[
                <b>名稱:</b> 科工土石方資源堆置處理場安南區學南段1043、1050、1050-2、1044-1及1044-2地號共5筆土地<br/>
                <b>縣市:</b> 台南市<br/>
                <b>類型:</b> 土資場-轉運型-<br/>
                <b>剩餘填埋量:</b> 0.0<br/>
                <b>核准填埋量:</b> 35000.0<br/>
                <b>面積:</b> 10529.0<br/>
                <b>申報日期:</b> 2006-08-08 00:00:00<br/>
                <b>流向編號:</b> DFH08697<br/>
                ]]></description>
      <Point>
        <coordinates>23.056227,120.1372484,0</coordinates>
      </Point>
    </Placemark>

    <Placemark>
      <name>立勝環工有限公司</name>
      <description><![CDATA[
                <b>名稱:</b> 立勝環工有限公司<br/>
                <b>縣市:</b> 台中市<br/>
                <b>類型:</b> 土資場-轉運型-<br/>
                <b>剩餘填埋量:</b> 0.0<br/>
                <b>核准填埋量:</b> 0.0<br/>
                <b>面積:</b> 1.3153<br/>
                <b>申報日期:</b> 2006-09-11 00:00:00<br/>
                <b>流向編號:</b> DFI11125<br/>
                ]]></description>
      <Point>
        <coordinates>24.215735149884,120.50410870988,0</coordinates>
      </Point>
    </Placemark>

    <Placemark>
      <name>達軒環保股份有限公司</name>
      <description><![CDATA[
                <b>名稱:</b> 達軒環保股份有限公司<br/>
                <b>縣市:</b> 彰化縣<br/>
                <b>類型:</b> 土資場-加工型-兼營混合物<br/>
                <b>剩餘填埋量:</b> 0.0<br/>
                <b>核准填埋量:</b> 0.0<br/>
                <b>面積:</b> 16568.0<br/>
                <b>申報日期:</b> 2006-09-10 00:00:00<br/>
                <b>流向編號:</b> DFI13989<br/>
                ]]></description>
      <Point>
        <coordinates>24.005267121354,120.35607993394,0</coordinates>
      </Point>
    </Placemark>

    <Placemark>
      <name>茂發企業社營建剩餘土石方堆置場</name>
      <description><![CDATA[
                <b>名稱:</b> 茂發企業社營建剩餘土石方堆置場<br/>
                <b>縣市:</b> 嘉義縣<br/>
                <b>類型:</b> 土資場-加工型-<br/>
                <b>剩餘填埋量:</b> 37176.954<br/>
                <b>核准填埋量:</b> 109999.72<br/>
                <b>面積:</b> 19384.0<br/>
                <b>申報日期:</b> 2014-08-28 00:00:00<br/>
                <b>流向編號:</b> DFI26679<br/>
                ]]></description>
      <Point>
        <coordinates>23.54673,120.34361,0</coordinates>
      </Point>
    </Placemark>

    <Placemark>
      <name>宏輝科技工程股份有限公司-台南市柳營區五軍營段130-1、453、454-1地號土資場</name>
      <description><![CDATA[
                <b>名稱:</b> 宏輝科技工程股份有限公司-台南市柳營區五軍營段130-1、453、454-1地號土資場<br/>
                <b>縣市:</b> 台南市<br/>
                <b>類型:</b> 土資場-加工型-兼營混合物<br/>
                <b>剩餘填埋量:</b> 0.0<br/>
                <b>核准填埋量:</b> 0.0<br/>
                <b>面積:</b> 16009.0<br/>
                <b>申報日期:</b> 2006-09-29 00:00:00<br/>
                <b>流向編號:</b> DFI29987<br/>
                ]]></description>
      <Point>
        <coordinates>23.2930437,120.3450696,0</coordinates>
      </Point>
    </Placemark>

    <Placemark>
      <name>佳定資源開發股份有限公司</name>
      <description><![CDATA[
                <b>名稱:</b> 佳定資源開發股份有限公司<br/>
                <b>縣市:</b> 高雄市<br/>
                <b>類型:</b> 土資場-加工型-兼營混合物<br/>
                <b>剩餘填埋量:</b> 0.0<br/>
                <b>核准填埋量:</b> 14608.0<br/>
                <b>面積:</b> 11286.0<br/>
                <b>申報日期:</b> 2006-11-03 00:00:00<br/>
                <b>流向編號:</b> DFK03939<br/>
                ]]></description>
      <Point>
        <coordinates>22.509615399812,120.35809043103,0</coordinates>
      </Point>
    </Placemark>

    <Placemark>
      <name>山將軍企業有限公司--停止營運於2008/6/26</name>
      <description><![CDATA[
                <b>名稱:</b> 山將軍企業有限公司--停止營運於2008/6/26<br/>
                <b>縣市:</b> 高雄市<br/>
                <b>類型:</b> 土資場-加工型-<br/>
                <b>剩餘填埋量:</b> 972000.0<br/>
                <b>核准填埋量:</b> 0.0<br/>
                <b>面積:</b> 1.59<br/>
                <b>申報日期:</b> 2006-11-23 00:00:00<br/>
                <b>流向編號:</b> DFK23188<br/>
                ]]></description>
      <Point>
        <coordinates>22.994869990335,120.64142401393,0</coordinates>
      </Point>
    </Placemark>

    <Placemark>
      <name>長惟工業營建剩餘土石方資源處理場</name>
      <description><![CDATA[
                <b>名稱:</b> 長惟工業營建剩餘土石方資源處理場<br/>
                <b>縣市:</b> 新北市<br/>
                <b>類型:</b> 土資場-加工型-<br/>
                <b>剩餘填埋量:</b> 0.0<br/>
                <b>核准填埋量:</b> 0.0<br/>
                <b>面積:</b> 9584.05<br/>
                <b>申報日期:</b> 2007-01-02 00:00:00<br/>
                <b>流向編號:</b> DGA02356<br/>
                ]]></description>
      <Point>
        <coordinates>24.9437007,121.3302516,0</coordinates>
      </Point>
    </Placemark>

    <Placemark>
      <name>英銓土石方資源堆置處理場</name>
      <description><![CDATA[
                <b>名稱:</b> 英銓土石方資源堆置處理場<br/>
                <b>縣市:</b> 台中市<br/>
                <b>類型:</b> 土資場-加工型-砂石場<br/>
                <b>剩餘填埋量:</b> 0.0<br/>
                <b>核准填埋量:</b> 0.0<br/>
                <b>面積:</b> 4184.45<br/>
                <b>申報日期:</b> 2007-01-10 00:00:00<br/>
                <b>流向編號:</b> DGA10962<br/>
                ]]></description>
      <Point>
        <coordinates>24.08413,120.66749,0</coordinates>
      </Point>
    </Placemark>

    <Placemark>
      <name>新世紀環保服務土石方資源堆置處理場(新世紀環保服務股份有限公司)</name>
      <description><![CDATA[
                <b>名稱:</b> 新世紀環保服務土石方資源堆置處理場(新世紀環保服務股份有限公司)<br/>
                <b>縣市:</b> 高雄市<br/>
                <b>類型:</b> 土資場-加工型-兼營混合物<br/>
                <b>剩餘填埋量:</b> 0.0<br/>
                <b>核准填埋量:</b> 0.0<br/>
                <b>面積:</b> 11928.0<br/>
                <b>申報日期:</b> 2007-01-12 00:00:00<br/>
                <b>流向編號:</b> DGA12579<br/>
                ]]></description>
      <Point>
        <coordinates>22.641656202677,120.31201413427,0</coordinates>
      </Point>
    </Placemark>

    <Placemark>
      <name>金門縣昔果山土石方堆置場</name>
      <description><![CDATA[
                <b>名稱:</b> 金門縣昔果山土石方堆置場<br/>
                <b>縣市:</b> 金門縣<br/>
                <b>類型:</b> 土資場-填埋型-土地改良場<br/>
                <b>剩餘填埋量:</b> 0.0<br/>
                <b>核准填埋量:</b> 120000.0<br/>
                <b>面積:</b> 1.554507<br/>
                <b>申報日期:</b> 2007-01-30 00:00:00<br/>
                <b>流向編號:</b> DGA30609<br/>
                ]]></description>
      <Point>
        <coordinates>89499.0,2701675.0,0</coordinates>
      </Point>
    </Placemark>

    <Placemark>
      <name>石樺企業股份有限公司(砂石場)兼營土石方資源堆置處理場</name>
      <description><![CDATA[
                <b>名稱:</b> 石樺企業股份有限公司(砂石場)兼營土石方資源堆置處理場<br/>
                <b>縣市:</b> 新竹縣<br/>
                <b>類型:</b> 土資場-加工型-砂石場<br/>
                <b>剩餘填埋量:</b> 0.0<br/>
                <b>核准填埋量:</b> 0.0<br/>
                <b>面積:</b> 11698.12<br/>
                <b>申報日期:</b> 2007-02-07 00:00:00<br/>
                <b>流向編號:</b> DGB07532<br/>
                ]]></description>
      <Point>
        <coordinates>24.7760743,121.0677244,0</coordinates>
      </Point>
    </Placemark>

    <Placemark>
      <name>長威土石方資源堆置處理場</name>
      <description><![CDATA[
                <b>名稱:</b> 長威土石方資源堆置處理場<br/>
                <b>縣市:</b> 新竹縣<br/>
                <b>類型:</b> 土資場-轉運型-<br/>
                <b>剩餘填埋量:</b> 0.0<br/>
                <b>核准填埋量:</b> 0.0<br/>
                <b>面積:</b> 10316.41<br/>
                <b>申報日期:</b> 2007-03-05 00:00:00<br/>
                <b>流向編號:</b> DGC05119<br/>
                ]]></description>
      <Point>
        <coordinates>24.911762156899,121.04954630467,0</coordinates>
      </Point>
    </Placemark>

    <Placemark>
      <name>小山勇開發有限公司</name>
      <description><![CDATA[
                <b>名稱:</b> 小山勇開發有限公司<br/>
                <b>縣市:</b> 苗栗縣<br/>
                <b>類型:</b> 土資場-填埋型-<br/>
                <b>剩餘填埋量:</b> 516482.89<br/>
                <b>核准填埋量:</b> 1235502.0<br/>
                <b>面積:</b> 95338.0<br/>
                <b>申報日期:</b> 2007-03-07 00:00:00<br/>
                <b>流向編號:</b> DGC07023<br/>
                ]]></description>
      <Point>
        <coordinates>24.572213,120.888192,0</coordinates>
      </Point>
    </Placemark>

    <Placemark>
      <name>峻聯交通有限公司土石方資源堆置場</name>
      <description><![CDATA[
                <b>名稱:</b> 峻聯交通有限公司土石方資源堆置場<br/>
                <b>縣市:</b> 台南市<br/>
                <b>類型:</b> 土資場-轉運型-<br/>
                <b>剩餘填埋量:</b> 0.0<br/>
                <b>核准填埋量:</b> 7918.0<br/>
                <b>面積:</b> 1.0222<br/>
                <b>申報日期:</b> 2007-04-16 00:00:00<br/>
                <b>流向編號:</b> DGD18753<br/>
                ]]></description>
      <Point>
        <coordinates>23.401229576992,120.41376684788,0</coordinates>
      </Point>
    </Placemark>

    <Placemark>
      <name>南濱砂石廠股份有限公司</name>
      <description><![CDATA[
                <b>名稱:</b> 南濱砂石廠股份有限公司<br/>
                <b>縣市:</b> 花蓮縣<br/>
                <b>類型:</b> 土資場-加工型-砂石場<br/>
                <b>剩餘填埋量:</b> 0.0<br/>
                <b>核准填埋量:</b> 0.0<br/>
                <b>面積:</b> 0.527591<br/>
                <b>申報日期:</b> 2007-04-30 00:00:00<br/>
                <b>流向編號:</b> DGE11521<br/>
                ]]></description>
      <Point>
        <coordinates>23.947814514643,121.59808368593,0</coordinates>
      </Point>
    </Placemark>

    <Placemark>
      <name>萬里中幅子土石方收容場(最終填埋)</name>
      <description><![CDATA[
                <b>名稱:</b> 萬里中幅子土石方收容場(最終填埋)<br/>
                <b>縣市:</b> 新北市<br/>
                <b>類型:</b> 土資場-填埋型-<br/>
                <b>剩餘填埋量:</b> 994648.2<br/>
                <b>核准填埋量:</b> 2874733.0<br/>
                <b>面積:</b> 182625.0<br/>
                <b>申報日期:</b> 2007-08-15 00:00:00<br/>
                <b>流向編號:</b> DGH15963<br/>
                ]]></description>
      <Point>
        <coordinates>25.1627589,121.6867617,0</coordinates>
      </Point>
    </Placemark>

    <Placemark>
      <name>保障土石方資源堆置處理場</name>
      <description><![CDATA[
                <b>名稱:</b> 保障土石方資源堆置處理場<br/>
                <b>縣市:</b> 桃園市<br/>
                <b>類型:</b> 土資場-轉運型-<br/>
                <b>剩餘填埋量:</b> 0.0<br/>
                <b>核准填埋量:</b> 0.0<br/>
                <b>面積:</b> 19273.53<br/>
                <b>申報日期:</b> 2007-08-22 00:00:00<br/>
                <b>流向編號:</b> DGH23454<br/>
                ]]></description>
      <Point>
        <coordinates>25.0728334,121.1445436,0</coordinates>
      </Point>
    </Placemark>

    <Placemark>
      <name>嘉益土資場有限公司</name>
      <description><![CDATA[
                <b>名稱:</b> 嘉益土資場有限公司<br/>
                <b>縣市:</b> 屏東縣<br/>
                <b>類型:</b> 土資場-轉運型-<br/>
                <b>剩餘填埋量:</b> 0.0<br/>
                <b>核准填埋量:</b> 0.0<br/>
                <b>面積:</b> 4764.77<br/>
                <b>申報日期:</b> 2007-10-04 00:00:00<br/>
                <b>流向編號:</b> DGJ04009<br/>
                ]]></description>
      <Point>
        <coordinates>22.518021,120.5130136,0</coordinates>
      </Point>
    </Placemark>

    <Placemark>
      <name>花蓮縣國福營建工程剩餘土石方資源堆置場</name>
      <description><![CDATA[
                <b>名稱:</b> 花蓮縣國福營建工程剩餘土石方資源堆置場<br/>
                <b>縣市:</b> 花蓮縣<br/>
                <b>類型:</b> 土資場-填埋型-<br/>
                <b>剩餘填埋量:</b> 0.0<br/>
                <b>核准填埋量:</b> 264000.0<br/>
                <b>面積:</b> 13.06<br/>
                <b>申報日期:</b> 2007-11-01 00:00:00<br/>
                <b>流向編號:</b> DGK01015<br/>
                ]]></description>
      <Point>
        <coordinates>23.958249771444,121.58298856377,0</coordinates>
      </Point>
    </Placemark>

    <Placemark>
      <name>恒笙土資場</name>
      <description><![CDATA[
                <b>名稱:</b> 恒笙土資場<br/>
                <b>縣市:</b> 苗栗縣<br/>
                <b>類型:</b> 土資場-加工型-<br/>
                <b>剩餘填埋量:</b> 0.0<br/>
                <b>核准填埋量:</b> 0.0<br/>
                <b>面積:</b> 8454.02<br/>
                <b>申報日期:</b> 2008-01-07 00:00:00<br/>
                <b>流向編號:</b> DHA07907<br/>
                ]]></description>
      <Point>
        <coordinates>24.5177413,120.8047751,0</coordinates>
      </Point>
    </Placemark>

    <Placemark>
      <name>石繶工業股份有限公司</name>
      <description><![CDATA[
                <b>名稱:</b> 石繶工業股份有限公司<br/>
                <b>縣市:</b> 桃園市<br/>
                <b>類型:</b> 土資場-加工型-砂石場<br/>
                <b>剩餘填埋量:</b> 0.0<br/>
                <b>核准填埋量:</b> 0.0<br/>
                <b>面積:</b> 11438.99<br/>
                <b>申報日期:</b> 2008-01-08 00:00:00<br/>
                <b>流向編號:</b> DHA08483<br/>
                ]]></description>
      <Point>
        <coordinates>25.062437,121.27723,0</coordinates>
      </Point>
    </Placemark>

    <Placemark>
      <name>巨讚實業有限公司</name>
      <description><![CDATA[
                <b>名稱:</b> 巨讚實業有限公司<br/>
                <b>縣市:</b> 桃園市<br/>
                <b>類型:</b> 土資場-加工型-砂石場<br/>
                <b>剩餘填埋量:</b> 0.0<br/>
                <b>核准填埋量:</b> 0.0<br/>
                <b>面積:</b> 19665.0<br/>
                <b>申報日期:</b> 2008-01-14 00:00:00<br/>
                <b>流向編號:</b> DHA17765<br/>
                ]]></description>
      <Point>
        <coordinates>24.9701563,121.073262,0</coordinates>
      </Point>
    </Placemark>

    <Placemark>
      <name>全國砂石廠</name>
      <description><![CDATA[
                <b>名稱:</b> 全國砂石廠<br/>
                <b>縣市:</b> 桃園市<br/>
                <b>類型:</b> 土資場-加工型-砂石場<br/>
                <b>剩餘填埋量:</b> 0.0<br/>
                <b>核准填埋量:</b> 0.0<br/>
                <b>面積:</b> 29784.83<br/>
                <b>申報日期:</b> 2008-01-04 00:00:00<br/>
                <b>流向編號:</b> DHA21009<br/>
                ]]></description>
      <Point>
        <coordinates>25.0665726,121.2746969,0</coordinates>
      </Point>
    </Placemark>

    <Placemark>
      <name>白玉砂石股份有限公司</name>
      <description><![CDATA[
                <b>名稱:</b> 白玉砂石股份有限公司<br/>
                <b>縣市:</b> 桃園市<br/>
                <b>類型:</b> 土資場-加工型-砂石場<br/>
                <b>剩餘填埋量:</b> 0.0<br/>
                <b>核准填埋量:</b> 0.0<br/>
                <b>面積:</b> 1650.0<br/>
                <b>申報日期:</b> 2008-01-04 00:00:00<br/>
                <b>流向編號:</b> DHA22774<br/>
                ]]></description>
      <Point>
        <coordinates>25.036967,121.082119,0</coordinates>
      </Point>
    </Placemark>

    <Placemark>
      <name>徐田企業股份有限公司</name>
      <description><![CDATA[
                <b>名稱:</b> 徐田企業股份有限公司<br/>
                <b>縣市:</b> 桃園市<br/>
                <b>類型:</b> 土資場-加工型-砂石場<br/>
                <b>剩餘填埋量:</b> 0.0<br/>
                <b>核准填埋量:</b> 0.0<br/>
                <b>面積:</b> 19354.0<br/>
                <b>申報日期:</b> 2008-01-04 00:00:00<br/>
                <b>流向編號:</b> DHA23932<br/>
                ]]></description>
      <Point>
        <coordinates>25.083496,121.193003,0</coordinates>
      </Point>
    </Placemark>

    <Placemark>
      <name>鼎鐘實業行</name>
      <description><![CDATA[
                <b>名稱:</b> 鼎鐘實業行<br/>
                <b>縣市:</b> 桃園市<br/>
                <b>類型:</b> 土資場-加工型-<br/>
                <b>剩餘填埋量:</b> 0.0<br/>
                <b>核准填埋量:</b> 0.0<br/>
                <b>面積:</b> 17921.28<br/>
                <b>申報日期:</b> 2008-01-07 00:00:00<br/>
                <b>流向編號:</b> DHA25007<br/>
                ]]></description>
      <Point>
        <coordinates>24.9671459,121.1445063,0</coordinates>
      </Point>
    </Placemark>

    <Placemark>
      <name>世峰土石方資源堆置及營建混合物資源處理場</name>
      <description><![CDATA[
                <b>名稱:</b> 世峰土石方資源堆置及營建混合物資源處理場<br/>
                <b>縣市:</b> 新竹市<br/>
                <b>類型:</b> 土資場-轉運型-<br/>
                <b>剩餘填埋量:</b> 0.0<br/>
                <b>核准填埋量:</b> 0.0<br/>
                <b>面積:</b> 14407.59<br/>
                <b>申報日期:</b> 2008-02-25 00:00:00<br/>
                <b>流向編號:</b> DHB25633<br/>
                ]]></description>
      <Point>
        <coordinates>24.8231895,120.9164287,0</coordinates>
      </Point>
    </Placemark>

    <Placemark>
      <name>隆宇永續科技有限公司-麻豆區海埤段77、87等2筆地號土資場</name>
      <description><![CDATA[
                <b>名稱:</b> 隆宇永續科技有限公司-麻豆區海埤段77、87等2筆地號土資場<br/>
                <b>縣市:</b> 台南市<br/>
                <b>類型:</b> 土資場-轉運型-<br/>
                <b>剩餘填埋量:</b> 0.0<br/>
                <b>核准填埋量:</b> 0.0<br/>
                <b>面積:</b> 17953.42<br/>
                <b>申報日期:</b> 2008-03-20 00:00:00<br/>
                <b>流向編號:</b> DHC11984<br/>
                ]]></description>
      <Point>
        <coordinates>23.2059093,120.2210542,0</coordinates>
      </Point>
    </Placemark>

    <Placemark>
      <name>全民土石方資源堆置處理場</name>
      <description><![CDATA[
                <b>名稱:</b> 全民土石方資源堆置處理場<br/>
                <b>縣市:</b> 新竹縣<br/>
                <b>類型:</b> 土資場-轉運型-<br/>
                <b>剩餘填埋量:</b> 0.0<br/>
                <b>核准填埋量:</b> 0.0<br/>
                <b>面積:</b> 19292.24<br/>
                <b>申報日期:</b> 2008-04-24 00:00:00<br/>
                <b>流向編號:</b> DHD24715<br/>
                ]]></description>
      <Point>
        <coordinates>24.93763,12099360.0,0</coordinates>
      </Point>
    </Placemark>

    <Placemark>
      <name>東山砂石股份有限公司</name>
      <description><![CDATA[
                <b>名稱:</b> 東山砂石股份有限公司<br/>
                <b>縣市:</b> 台東縣<br/>
                <b>類型:</b> 土資場-加工型-<br/>
                <b>剩餘填埋量:</b> 0.0<br/>
                <b>核准填埋量:</b> 0.0<br/>
                <b>面積:</b> 15918.0<br/>
                <b>申報日期:</b> 2008-05-08 00:00:00<br/>
                <b>流向編號:</b> DHE08888<br/>
                ]]></description>
      <Point>
        <coordinates>23.13285417234,121.17226531944,0</coordinates>
      </Point>
    </Placemark>

    <Placemark>
      <name>詠源土石方資源堆置轉運處理場</name>
      <description><![CDATA[
                <b>名稱:</b> 詠源土石方資源堆置轉運處理場<br/>
                <b>縣市:</b> 桃園市<br/>
                <b>類型:</b> 土資場-轉運型-<br/>
                <b>剩餘填埋量:</b> 0.0<br/>
                <b>核准填埋量:</b> 0.0<br/>
                <b>面積:</b> 17399.0<br/>
                <b>申報日期:</b> 2008-05-21 00:00:00<br/>
                <b>流向編號:</b> DHE21054<br/>
                ]]></description>
      <Point>
        <coordinates>25.1152774,121.2647735,0</coordinates>
      </Point>
    </Placemark>

    <Placemark>
      <name>豊圳土石方資源堆置處理場</name>
      <description><![CDATA[
                <b>名稱:</b> 豊圳土石方資源堆置處理場<br/>
                <b>縣市:</b> 屏東縣<br/>
                <b>類型:</b> 土資場-轉運型-<br/>
                <b>剩餘填埋量:</b> 0.0<br/>
                <b>核准填埋量:</b> 0.0<br/>
                <b>面積:</b> 2527.07<br/>
                <b>申報日期:</b> 2008-09-30 00:00:00<br/>
                <b>流向編號:</b> DHI30606<br/>
                ]]></description>
      <Point>
        <coordinates>22.767568852784,120.56576610961,0</coordinates>
      </Point>
    </Placemark>

    <Placemark>
      <name>新品土石方資源堆置處理場</name>
      <description><![CDATA[
                <b>名稱:</b> 新品土石方資源堆置處理場<br/>
                <b>縣市:</b> 桃園市<br/>
                <b>類型:</b> 土資場-轉運型-<br/>
                <b>剩餘填埋量:</b> 0.0<br/>
                <b>核准填埋量:</b> 0.0<br/>
                <b>面積:</b> 16210.0<br/>
                <b>申報日期:</b> 2008-11-03 00:00:00<br/>
                <b>流向編號:</b> DHK03478<br/>
                ]]></description>
      <Point>
        <coordinates>24.9436922,121.1511643,0</coordinates>
      </Point>
    </Placemark>

    <Placemark>
      <name>麗榮實業有限公司</name>
      <description><![CDATA[
                <b>名稱:</b> 麗榮實業有限公司<br/>
                <b>縣市:</b> 台中市<br/>
                <b>類型:</b> 土資場-加工型-砂石場<br/>
                <b>剩餘填埋量:</b> 0.0<br/>
                <b>核准填埋量:</b> 0.0<br/>
                <b>面積:</b> 15299.0<br/>
                <b>申報日期:</b> 2008-11-25 00:00:00<br/>
                <b>流向編號:</b> DHK25688<br/>
                ]]></description>
      <Point>
        <coordinates>24.2780115,120.6747754,0</coordinates>
      </Point>
    </Placemark>

    <Placemark>
      <name>臺北市裕豪土石方資源堆置處理場</name>
      <description><![CDATA[
                <b>名稱:</b> 臺北市裕豪土石方資源堆置處理場<br/>
                <b>縣市:</b> 台北市<br/>
                <b>類型:</b> 土資場-加工型-兼營混合物<br/>
                <b>剩餘填埋量:</b> 0.0<br/>
                <b>核准填埋量:</b> 0.0<br/>
                <b>面積:</b> 3692.0<br/>
                <b>申報日期:</b> 2008-12-01 00:00:00<br/>
                <b>流向編號:</b> DHL01512<br/>
                ]]></description>
      <Point>
        <coordinates>25.107642637107,121.48447909248,0</coordinates>
      </Point>
    </Placemark>

    <Placemark>
      <name>樹林彭福段彭厝小段土石方資源堆置場</name>
      <description><![CDATA[
                <b>名稱:</b> 樹林彭福段彭厝小段土石方資源堆置場<br/>
                <b>縣市:</b> 新北市<br/>
                <b>類型:</b> 土資場-加工型-<br/>
                <b>剩餘填埋量:</b> 0.0<br/>
                <b>核准填埋量:</b> 0.0<br/>
                <b>面積:</b> 4014.0<br/>
                <b>申報日期:</b> 2009-01-22 00:00:00<br/>
                <b>流向編號:</b> DIA22622<br/>
                ]]></description>
      <Point>
        <coordinates>24.9770426,121.4254998,0</coordinates>
      </Point>
    </Placemark>

    <Placemark>
      <name>長聯富企業有限公司樹林廠</name>
      <description><![CDATA[
                <b>名稱:</b> 長聯富企業有限公司樹林廠<br/>
                <b>縣市:</b> 新北市<br/>
                <b>類型:</b> 土資場-加工型-泥漿場<br/>
                <b>剩餘填埋量:</b> 0.0<br/>
                <b>核准填埋量:</b> 0.0<br/>
                <b>面積:</b> 7332.62<br/>
                <b>申報日期:</b> 2009-01-22 00:00:00<br/>
                <b>流向編號:</b> DIA22915<br/>
                ]]></description>
      <Point>
        <coordinates>24.9711069,121.4141319,0</coordinates>
      </Point>
    </Placemark>

    <Placemark>
      <name>光彌土石方資源堆置處理場</name>
      <description><![CDATA[
                <b>名稱:</b> 光彌土石方資源堆置處理場<br/>
                <b>縣市:</b> 高雄市<br/>
                <b>類型:</b> 土資場-轉運型-<br/>
                <b>剩餘填埋量:</b> 0.0<br/>
                <b>核准填埋量:</b> 0.0<br/>
                <b>面積:</b> 16271.87<br/>
                <b>申報日期:</b> 2009-01-01 00:00:00<br/>
                <b>流向編號:</b> DID23920<br/>
                ]]></description>
      <Point>
        <coordinates>22.703647495739,120.35436610626,0</coordinates>
      </Point>
    </Placemark>

    <Placemark>
      <name>臺中市豐洲堤防公有土石方資源堆置處理場</name>
      <description><![CDATA[
                <b>名稱:</b> 臺中市豐洲堤防公有土石方資源堆置處理場<br/>
                <b>縣市:</b> 台中市<br/>
                <b>類型:</b> 土資場-加工型-兼營混合物<br/>
                <b>剩餘填埋量:</b> 0.0<br/>
                <b>核准填埋量:</b> 0.0<br/>
                <b>面積:</b> 69545.0<br/>
                <b>申報日期:</b> 2016-03-07 00:00:00<br/>
                <b>流向編號:</b> DIE13961<br/>
                ]]></description>
      <Point>
        <coordinates>24.2844204,120.6661819,0</coordinates>
      </Point>
    </Placemark>

    <Placemark>
      <name>金三榮土石方資源堆置處理場</name>
      <description><![CDATA[
                <b>名稱:</b> 金三榮土石方資源堆置處理場<br/>
                <b>縣市:</b> 金門縣<br/>
                <b>類型:</b> 土資場-轉運型-<br/>
                <b>剩餘填埋量:</b> 0.0<br/>
                <b>核准填埋量:</b> 0.0<br/>
                <b>面積:</b> 20461.96<br/>
                <b>申報日期:</b> 2016-08-01 00:00:00<br/>
                <b>流向編號:</b> DIE15383<br/>
                ]]></description>
      <Point>
        <coordinates>24.43155283,118.43779669,0</coordinates>
      </Point>
    </Placemark>

    <Placemark>
      <name>台璋股份有限公司土石方資源堆置處理場</name>
      <description><![CDATA[
                <b>名稱:</b> 台璋股份有限公司土石方資源堆置處理場<br/>
                <b>縣市:</b> 彰化縣<br/>
                <b>類型:</b> 土資場-加工型-<br/>
                <b>剩餘填埋量:</b> 0.0<br/>
                <b>核准填埋量:</b> 0.0<br/>
                <b>面積:</b> 11974.0<br/>
                <b>申報日期:</b> 2016-08-05 00:00:00<br/>
                <b>流向編號:</b> DIE26801<br/>
                ]]></description>
      <Point>
        <coordinates>24.0548,120.4407,0</coordinates>
      </Point>
    </Placemark>

    <Placemark>
      <name>富佑土資場</name>
      <description><![CDATA[
                <b>名稱:</b> 富佑土資場<br/>
                <b>縣市:</b> 苗栗縣<br/>
                <b>類型:</b> 土資場-加工型-<br/>
                <b>剩餘填埋量:</b> 0.0<br/>
                <b>核准填埋量:</b> 0.0<br/>
                <b>面積:</b> 19318.21<br/>
                <b>申報日期:</b> 2016-03-10 00:00:00<br/>
                <b>流向編號:</b> DIF15487<br/>
                ]]></description>
      <Point>
        <coordinates>24.5073003,120.7984946,0</coordinates>
      </Point>
    </Placemark>

    <Placemark>
      <name>城夆實業有限公司仁武廠僅收台灣自來水股份有限公司第七區管理處「高雄燕巢鄉旗楠公路汰換管線工程（一）5746m3」</name>
      <description><![CDATA[
                <b>名稱:</b> 城夆實業有限公司仁武廠僅收台灣自來水股份有限公司第七區管理處「高雄燕巢鄉旗楠公路汰換管線工程（一）5746m3」<br/>
                <b>縣市:</b> 高雄市<br/>
                <b>類型:</b> 土資場-加工型-砂石場<br/>
                <b>剩餘填埋量:</b> 0.0<br/>
                <b>核准填埋量:</b> 0.0<br/>
                <b>面積:</b> 0.0<br/>
                <b>申報日期:</b> 2016-03-08 00:00:00<br/>
                <b>流向編號:</b> DIG30918<br/>
                ]]></description>
      <Point>
        <coordinates>22.703041337591,120.33563318949,0</coordinates>
      </Point>
    </Placemark>

    <Placemark>
      <name>城夆實業有限公司仁武廠(僅收高雄市政府工務局下水道工程處新興區中山一路忠孝一路及五福一街一帶排水改善工程)--由高雄市政府工務局下水道工程處上網查核及總量管制440000立方公尺</name>
      <description><![CDATA[
                <b>名稱:</b> 城夆實業有限公司仁武廠(僅收高雄市政府工務局下水道工程處新興區中山一路忠孝一路及五福一街一帶排水改善工程)--由高雄市政府工務局下水道工程處上網查核及總量管制440000立方公尺<br/>
                <b>縣市:</b> 高雄市<br/>
                <b>類型:</b> 專設場-加工型-砂石場<br/>
                <b>剩餘填埋量:</b> 440000.0<br/>
                <b>核准填埋量:</b> 0.0<br/>
                <b>面積:</b> 1.8791<br/>
                <b>申報日期:</b> 2008-12-26 00:00:00<br/>
                <b>流向編號:</b> DIH04348<br/>
                ]]></description>
      <Point>
        <coordinates>22.703041337591,120.33563318949,0</coordinates>
      </Point>
    </Placemark>

    <Placemark>
      <name>城夆實業有限公司仁武場僅收國立中山大學「國際研究大樓新建統包工程19225m3」</name>
      <description><![CDATA[
                <b>名稱:</b> 城夆實業有限公司仁武場僅收國立中山大學「國際研究大樓新建統包工程19225m3」<br/>
                <b>縣市:</b> 高雄市<br/>
                <b>類型:</b> 土資場-加工型-砂石場<br/>
                <b>剩餘填埋量:</b> 0.0<br/>
                <b>核准填埋量:</b> 0.0<br/>
                <b>面積:</b> 0.0<br/>
                <b>申報日期:</b> 2016-03-16 00:00:00<br/>
                <b>流向編號:</b> DIH05215<br/>
                ]]></description>
      <Point>
        <coordinates>22.703041337591,120.33563318949,0</coordinates>
      </Point>
    </Placemark>

    <Placemark>
      <name>城夆實業有限公司仁武廠僅收台灣自來水股份有限公司第七管理處「高雄燕巢鄉旗楠公路汰換管線工程（二）6411m3」</name>
      <description><![CDATA[
                <b>名稱:</b> 城夆實業有限公司仁武廠僅收台灣自來水股份有限公司第七管理處「高雄燕巢鄉旗楠公路汰換管線工程（二）6411m3」<br/>
                <b>縣市:</b> 高雄市<br/>
                <b>類型:</b> 土資場-加工型-砂石場<br/>
                <b>剩餘填埋量:</b> 0.0<br/>
                <b>核准填埋量:</b> 0.0<br/>
                <b>面積:</b> 0.0<br/>
                <b>申報日期:</b> 2016-03-08 00:00:00<br/>
                <b>流向編號:</b> DIH05781<br/>
                ]]></description>
      <Point>
        <coordinates>22.703041337591,120.33563318949,0</coordinates>
      </Point>
    </Placemark>

    <Placemark>
      <name>祥裕砂石股份有限公司僅收交通部公路總局第三區養護工程處「甲仙工務段小林監工站轄管各線98年度定期預約經常性災害緊急搶修工程」</name>
      <description><![CDATA[
                <b>名稱:</b> 祥裕砂石股份有限公司僅收交通部公路總局第三區養護工程處「甲仙工務段小林監工站轄管各線98年度定期預約經常性災害緊急搶修工程」<br/>
                <b>縣市:</b> 高雄市<br/>
                <b>類型:</b> 土資場-加工型-砂石場<br/>
                <b>剩餘填埋量:</b> 0.0<br/>
                <b>核准填埋量:</b> 0.0<br/>
                <b>面積:</b> 0.0<br/>
                <b>申報日期:</b> 2016-03-16 00:00:00<br/>
                <b>流向編號:</b> DIH25835<br/>
                ]]></description>
      <Point>
        <coordinates>22.962617377805,120.51325131296,0</coordinates>
      </Point>
    </Placemark>

    <Placemark>
      <name>詠炬企業股份有限公司</name>
      <description><![CDATA[
                <b>名稱:</b> 詠炬企業股份有限公司<br/>
                <b>縣市:</b> 新竹縣<br/>
                <b>類型:</b> 土資場-加工型-砂石場<br/>
                <b>剩餘填埋量:</b> 0.0<br/>
                <b>核准填埋量:</b> 0.0<br/>
                <b>面積:</b> 10986.0<br/>
                <b>申報日期:</b> 1900-01-01 00:00:00<br/>
                <b>流向編號:</b> DII14430<br/>
                ]]></description>
      <Point>
        <coordinates>24.74616,121.10014,0</coordinates>
      </Point>
    </Placemark>

    <Placemark>
      <name>世全建業有限公司土石方資源堆置轉運處理場</name>
      <description><![CDATA[
                <b>名稱:</b> 世全建業有限公司土石方資源堆置轉運處理場<br/>
                <b>縣市:</b> 雲林縣<br/>
                <b>類型:</b> 土資場-轉運型-<br/>
                <b>剩餘填埋量:</b> 0.0<br/>
                <b>核准填埋量:</b> 0.0<br/>
                <b>面積:</b> 10306.81<br/>
                <b>申報日期:</b> 1900-01-01 00:00:00<br/>
                <b>流向編號:</b> DII28198<br/>
                ]]></description>
      <Point>
        <coordinates>23.73079,120.60111,0</coordinates>
      </Point>
    </Placemark>

    <Placemark>
      <name>萬川營建剩餘土石方資源堆置場</name>
      <description><![CDATA[
                <b>名稱:</b> 萬川營建剩餘土石方資源堆置場<br/>
                <b>縣市:</b> 屏東縣<br/>
                <b>類型:</b> 土資場-轉運型-<br/>
                <b>剩餘填埋量:</b> 0.0<br/>
                <b>核准填埋量:</b> 0.0<br/>
                <b>面積:</b> 2962.5<br/>
                <b>申報日期:</b> 1900-01-01 00:00:00<br/>
                <b>流向編號:</b> DII30856<br/>
                ]]></description>
      <Point>
        <coordinates>22.560119686255,120.59711740182,0</coordinates>
      </Point>
    </Placemark>

    <Placemark>
      <name>新北市石碇區小格頭土石方資源堆置場</name>
      <description><![CDATA[
                <b>名稱:</b> 新北市石碇區小格頭土石方資源堆置場<br/>
                <b>縣市:</b> 新北市<br/>
                <b>類型:</b> 土資場-填埋型-<br/>
                <b>剩餘填埋量:</b> 0.0<br/>
                <b>核准填埋量:</b> 6001000.0<br/>
                <b>面積:</b> 47.1791<br/>
                <b>申報日期:</b> None<br/>
                <b>流向編號:</b> DIJ05131<br/>
                ]]></description>
      <Point>
        <coordinates>24.961248954574,121.61953876319,0</coordinates>
      </Point>
    </Placemark>

    <Placemark>
      <name>城夆實業有限公司僅收中國人造纖維股份有限公司「冷箱與熱交換箱新建工程471.54m3」</name>
      <description><![CDATA[
                <b>名稱:</b> 城夆實業有限公司僅收中國人造纖維股份有限公司「冷箱與熱交換箱新建工程471.54m3」<br/>
                <b>縣市:</b> 高雄市<br/>
                <b>類型:</b> 土資場-加工型-砂石場<br/>
                <b>剩餘填埋量:</b> 0.0<br/>
                <b>核准填埋量:</b> 0.0<br/>
                <b>面積:</b> 0.0<br/>
                <b>申報日期:</b> 1900-01-01 00:00:00<br/>
                <b>流向編號:</b> DIJ21637<br/>
                ]]></description>
      <Point>
        <coordinates>22.703041337591,120.33563318949,0</coordinates>
      </Point>
    </Placemark>

    <Placemark>
      <name>城夆實業有限公司仁武廠僅收中國人造纖維股份有限公司「氣體分離工廠、空壓機房、電器室及液態氮、液態氧散裝槽新建工程1116.07m3」</name>
      <description><![CDATA[
                <b>名稱:</b> 城夆實業有限公司仁武廠僅收中國人造纖維股份有限公司「氣體分離工廠、空壓機房、電器室及液態氮、液態氧散裝槽新建工程1116.07m3」<br/>
                <b>縣市:</b> 高雄市<br/>
                <b>類型:</b> 土資場-加工型-砂石場<br/>
                <b>剩餘填埋量:</b> 0.0<br/>
                <b>核准填埋量:</b> 0.0<br/>
                <b>面積:</b> 0.0<br/>
                <b>申報日期:</b> 1900-01-01 00:00:00<br/>
                <b>流向編號:</b> DIJ21870<br/>
                ]]></description>
      <Point>
        <coordinates>22.703041337591,120.33563318949,0</coordinates>
      </Point>
    </Placemark>

    <Placemark>
      <name>統大環保科技有限公司永康分公司-永康區鹽南段315,316,319地號土資堆置場</name>
      <description><![CDATA[
                <b>名稱:</b> 統大環保科技有限公司永康分公司-永康區鹽南段315,316,319地號土資堆置場<br/>
                <b>縣市:</b> 台南市<br/>
                <b>類型:</b> 土資場-加工型-兼營混合物<br/>
                <b>剩餘填埋量:</b> 0.0<br/>
                <b>核准填埋量:</b> 0.0<br/>
                <b>面積:</b> 0.477833<br/>
                <b>申報日期:</b> None<br/>
                <b>流向編號:</b> DIJ27037<br/>
                ]]></description>
      <Point>
        <coordinates>23.036813598878,120.23110786123,0</coordinates>
      </Point>
    </Placemark>

    <Placemark>
      <name>日豐窯業股份有限公司合法工廠收受營建剩餘土石方收容處理場所</name>
      <description><![CDATA[
                <b>名稱:</b> 日豐窯業股份有限公司合法工廠收受營建剩餘土石方收容處理場所<br/>
                <b>縣市:</b> 花蓮縣<br/>
                <b>類型:</b> 土資場-填埋型-<br/>
                <b>剩餘填埋量:</b> 0.0<br/>
                <b>核准填埋量:</b> 0.0<br/>
                <b>面積:</b> 9771.87<br/>
                <b>申報日期:</b> 2017-10-23 00:00:00<br/>
                <b>流向編號:</b> DIK25393<br/>
                ]]></description>
      <Point>
        <coordinates>23.655053597856,121.44585062605,0</coordinates>
      </Point>
    </Placemark>

    <Placemark>
      <name>展信實業有限公司</name>
      <description><![CDATA[
                <b>名稱:</b> 展信實業有限公司<br/>
                <b>縣市:</b> 花蓮縣<br/>
                <b>類型:</b> 土資場-加工型-砂石場<br/>
                <b>剩餘填埋量:</b> 0.0<br/>
                <b>核准填埋量:</b> 0.0<br/>
                <b>面積:</b> 18546.6<br/>
                <b>申報日期:</b> 1900-01-01 00:00:00<br/>
                <b>流向編號:</b> DIK30793<br/>
                ]]></description>
      <Point>
        <coordinates>23.383678716865,121.3142908187,0</coordinates>
      </Point>
    </Placemark>

    <Placemark>
      <name>宏國開發工程股份有限公司</name>
      <description><![CDATA[
                <b>名稱:</b> 宏國開發工程股份有限公司<br/>
                <b>縣市:</b> 台北市<br/>
                <b>類型:</b> 土資場-加工型-兼營混合物<br/>
                <b>剩餘填埋量:</b> 0.0<br/>
                <b>核准填埋量:</b> 0.0<br/>
                <b>面積:</b> 12336.41<br/>
                <b>申報日期:</b> 2016-03-16 00:00:00<br/>
                <b>流向編號:</b> DJA11874<br/>
                ]]></description>
      <Point>
        <coordinates>2999711.0,2777945.0,0</coordinates>
      </Point>
    </Placemark>

    <Placemark>
      <name>興磊營建剩餘土石方資源處理場</name>
      <description><![CDATA[
                <b>名稱:</b> 興磊營建剩餘土石方資源處理場<br/>
                <b>縣市:</b> 新北市<br/>
                <b>類型:</b> 土資場-加工型-泥漿場<br/>
                <b>剩餘填埋量:</b> 0.0<br/>
                <b>核准填埋量:</b> 0.0<br/>
                <b>面積:</b> 17275.44<br/>
                <b>申報日期:</b> 1900-01-01 00:00:00<br/>
                <b>流向編號:</b> DJA15790<br/>
                ]]></description>
      <Point>
        <coordinates>24.9627182,121.4074144,0</coordinates>
      </Point>
    </Placemark>

    <Placemark>
      <name>福田瀝青混凝土有限公司</name>
      <description><![CDATA[
                <b>名稱:</b> 福田瀝青混凝土有限公司<br/>
                <b>縣市:</b> 花蓮縣<br/>
                <b>類型:</b> 土資場-加工型-<br/>
                <b>剩餘填埋量:</b> 0.0<br/>
                <b>核准填埋量:</b> 0.0<br/>
                <b>面積:</b> 0.670014<br/>
                <b>申報日期:</b> None<br/>
                <b>流向編號:</b> DJC03349<br/>
                ]]></description>
      <Point>
        <coordinates>23.964793197432,121.56583912131,0</coordinates>
      </Point>
    </Placemark>

    <Placemark>
      <name>永霖開發實業有限公司</name>
      <description><![CDATA[
                <b>名稱:</b> 永霖開發實業有限公司<br/>
                <b>縣市:</b> 彰化縣<br/>
                <b>類型:</b> 土資場-加工型-<br/>
                <b>剩餘填埋量:</b> 0.0<br/>
                <b>核准填埋量:</b> 0.0<br/>
                <b>面積:</b> 12000.0<br/>
                <b>申報日期:</b> 2016-09-07 00:00:00<br/>
                <b>流向編號:</b> DJE20239<br/>
                ]]></description>
      <Point>
        <coordinates>23.958081317507,120.54899808577,0</coordinates>
      </Point>
    </Placemark>

    <Placemark>
      <name>鍇霖營建混合物剩餘土石方堆置處理場</name>
      <description><![CDATA[
                <b>名稱:</b> 鍇霖營建混合物剩餘土石方堆置處理場<br/>
                <b>縣市:</b> 屏東縣<br/>
                <b>類型:</b> 土資場-加工型-砂石場<br/>
                <b>剩餘填埋量:</b> 0.0<br/>
                <b>核准填埋量:</b> 0.0<br/>
                <b>面積:</b> 3655.0<br/>
                <b>申報日期:</b> 2016-02-25 00:00:00<br/>
                <b>流向編號:</b> DJF25933<br/>
                ]]></description>
      <Point>
        <coordinates>0.0,0.0,0</coordinates>
      </Point>
    </Placemark>

    <Placemark>
      <name>合利發土資科技有限公司土石方資源堆置場</name>
      <description><![CDATA[
                <b>名稱:</b> 合利發土資科技有限公司土石方資源堆置場<br/>
                <b>縣市:</b> 雲林縣<br/>
                <b>類型:</b> 土資場-加工型-磚瓦場<br/>
                <b>剩餘填埋量:</b> 0.0<br/>
                <b>核准填埋量:</b> 0.0<br/>
                <b>面積:</b> 13921.61<br/>
                <b>申報日期:</b> 1900-01-01 00:00:00<br/>
                <b>流向編號:</b> DJG28646<br/>
                ]]></description>
      <Point>
        <coordinates>23.730598410507,120.60167855959,0</coordinates>
      </Point>
    </Placemark>

    <Placemark>
      <name>愛文山土石方資源堆置場(第一期）</name>
      <description><![CDATA[
                <b>名稱:</b> 愛文山土石方資源堆置場(第一期）<br/>
                <b>縣市:</b> 台南市<br/>
                <b>類型:</b> 土資場-填埋型-<br/>
                <b>剩餘填埋量:</b> 0.0<br/>
                <b>核准填埋量:</b> 182154.0<br/>
                <b>面積:</b> 18.0981<br/>
                <b>申報日期:</b> None<br/>
                <b>流向編號:</b> DJG30903<br/>
                ]]></description>
      <Point>
        <coordinates>0.0,0.0,0</coordinates>
      </Point>
    </Placemark>

    <Placemark>
      <name>寶文營建剩餘土石方資源堆置處理場</name>
      <description><![CDATA[
                <b>名稱:</b> 寶文營建剩餘土石方資源堆置處理場<br/>
                <b>縣市:</b> 台中市<br/>
                <b>類型:</b> 土資場-加工型-砂石場<br/>
                <b>剩餘填埋量:</b> 0.0<br/>
                <b>核准填埋量:</b> 0.0<br/>
                <b>面積:</b> 18404.4<br/>
                <b>申報日期:</b> 2016-03-07 00:00:00<br/>
                <b>流向編號:</b> DJH13497<br/>
                ]]></description>
      <Point>
        <coordinates>24.14122413034,120.59456983969,0</coordinates>
      </Point>
    </Placemark>

    <Placemark>
      <name>臺北縣環保局八里垃圾掩埋場</name>
      <description><![CDATA[
                <b>名稱:</b> 臺北縣環保局八里垃圾掩埋場<br/>
                <b>縣市:</b> 新北市<br/>
                <b>類型:</b> 土資場-填埋型-衛生掩埋場<br/>
                <b>剩餘填埋量:</b> 0.0<br/>
                <b>核准填埋量:</b> 0.0<br/>
                <b>面積:</b> 0.0<br/>
                <b>申報日期:</b> None<br/>
                <b>流向編號:</b> DJI15181<br/>
                ]]></description>
      <Point>
        <coordinates>0.0,0.0,0</coordinates>
      </Point>
    </Placemark>

    <Placemark>
      <name>台境企業股份有限公司-關廟區埤子頭段757,753-3土資場</name>
      <description><![CDATA[
                <b>名稱:</b> 台境企業股份有限公司-關廟區埤子頭段757,753-3土資場<br/>
                <b>縣市:</b> 台南市<br/>
                <b>類型:</b> 土資場-加工型-兼營混合物<br/>
                <b>剩餘填埋量:</b> 0.0<br/>
                <b>核准填埋量:</b> 0.0<br/>
                <b>面積:</b> 17685.38<br/>
                <b>申報日期:</b> 2015-12-29 00:00:00<br/>
                <b>流向編號:</b> DJL20699<br/>
                ]]></description>
      <Point>
        <coordinates>23.008564,120.3087806,0</coordinates>
      </Point>
    </Placemark>

    <Placemark>
      <name>坤暉有限公司</name>
      <description><![CDATA[
                <b>名稱:</b> 坤暉有限公司<br/>
                <b>縣市:</b> 嘉義縣<br/>
                <b>類型:</b> 土資場-轉運型-<br/>
                <b>剩餘填埋量:</b> 0.0<br/>
                <b>核准填埋量:</b> 0.0<br/>
                <b>面積:</b> 11750.0<br/>
                <b>申報日期:</b> 2019-03-10 00:00:00<br/>
                <b>流向編號:</b> DJL31029<br/>
                ]]></description>
      <Point>
        <coordinates>23.40793,120.3199,0</coordinates>
      </Point>
    </Placemark>

    <Placemark>
      <name>陞曜環保科技股份有限公司</name>
      <description><![CDATA[
                <b>名稱:</b> 陞曜環保科技股份有限公司<br/>
                <b>縣市:</b> 彰化縣<br/>
                <b>類型:</b> 土資場-轉運型-<br/>
                <b>剩餘填埋量:</b> 0.0<br/>
                <b>核准填埋量:</b> 0.0<br/>
                <b>面積:</b> 12334.0<br/>
                <b>申報日期:</b> 2016-02-02 00:00:00<br/>
                <b>流向編號:</b> DKB09392<br/>
                ]]></description>
      <Point>
        <coordinates>23.9500348,120.3320389,0</coordinates>
      </Point>
    </Placemark>

    <Placemark>
      <name>愛文山土石方資源堆置場第二期</name>
      <description><![CDATA[
                <b>名稱:</b> 愛文山土石方資源堆置場第二期<br/>
                <b>縣市:</b> 台南市<br/>
                <b>類型:</b> 土資場-填埋型-<br/>
                <b>剩餘填埋量:</b> 0.0<br/>
                <b>核准填埋量:</b> 204818.0<br/>
                <b>面積:</b> 17.0113<br/>
                <b>申報日期:</b> None<br/>
                <b>流向編號:</b> DKI26272<br/>
                ]]></description>
      <Point>
        <coordinates>23.101768056225,120.42808448078,0</coordinates>
      </Point>
    </Placemark>

    <Placemark>
      <name>玄龍環保科技有限公司</name>
      <description><![CDATA[
                <b>名稱:</b> 玄龍環保科技有限公司<br/>
                <b>縣市:</b> 宜蘭縣<br/>
                <b>類型:</b> 土資場-加工型-砂石場<br/>
                <b>剩餘填埋量:</b> 0.0<br/>
                <b>核准填埋量:</b> 0.0<br/>
                <b>面積:</b> 1.5708<br/>
                <b>申報日期:</b> None<br/>
                <b>流向編號:</b> DKK24899<br/>
                ]]></description>
      <Point>
        <coordinates>24.98361,121.95854,0</coordinates>
      </Point>
    </Placemark>

    <Placemark>
      <name>隘門坑洞剩餘土石方收容回填場</name>
      <description><![CDATA[
                <b>名稱:</b> 隘門坑洞剩餘土石方收容回填場<br/>
                <b>縣市:</b> 澎湖縣<br/>
                <b>類型:</b> 土資場-填埋型-<br/>
                <b>剩餘填埋量:</b> 0.0<br/>
                <b>核准填埋量:</b> 10000.0<br/>
                <b>面積:</b> 1.0<br/>
                <b>申報日期:</b> None<br/>
                <b>流向編號:</b> DKK30934<br/>
                ]]></description>
      <Point>
        <coordinates>0.0,0.0,0</coordinates>
      </Point>
    </Placemark>

    <Placemark>
      <name>勝輝土資工程有限公司</name>
      <description><![CDATA[
                <b>名稱:</b> 勝輝土資工程有限公司<br/>
                <b>縣市:</b> 南投縣<br/>
                <b>類型:</b> 土資場-轉運型-<br/>
                <b>剩餘填埋量:</b> 0.0<br/>
                <b>核准填埋量:</b> 0.0<br/>
                <b>面積:</b> 17689.39<br/>
                <b>申報日期:</b> 2016-03-23 00:00:00<br/>
                <b>流向編號:</b> DLA05116<br/>
                ]]></description>
      <Point>
        <coordinates>23.7819451,120.707056,0</coordinates>
      </Point>
    </Placemark>

    <Placemark>
      <name>財嘉昌實業股份有限公司</name>
      <description><![CDATA[
                <b>名稱:</b> 財嘉昌實業股份有限公司<br/>
                <b>縣市:</b> 桃園市<br/>
                <b>類型:</b> 土資場-加工型-砂石場<br/>
                <b>剩餘填埋量:</b> 0.0<br/>
                <b>核准填埋量:</b> 0.0<br/>
                <b>面積:</b> 19912.83<br/>
                <b>申報日期:</b> 2016-03-10 00:00:00<br/>
                <b>流向編號:</b> DLA11372<br/>
                ]]></description>
      <Point>
        <coordinates>24.9337154,121.2751368,0</coordinates>
      </Point>
    </Placemark>

    <Placemark>
      <name>湖西坑洞剩餘土石方收容回填場</name>
      <description><![CDATA[
                <b>名稱:</b> 湖西坑洞剩餘土石方收容回填場<br/>
                <b>縣市:</b> 澎湖縣<br/>
                <b>類型:</b> 土資場-填埋型-坑洞填埋<br/>
                <b>剩餘填埋量:</b> 22000.0<br/>
                <b>核准填埋量:</b> 120000.0<br/>
                <b>面積:</b> 13541.3<br/>
                <b>申報日期:</b> 2016-03-08 00:00:00<br/>
                <b>流向編號:</b> DLA30152<br/>
                ]]></description>
      <Point>
        <coordinates>23.5760625,119.6500625,0</coordinates>
      </Point>
    </Placemark>

    <Placemark>
      <name>井垵坑洞剩餘土石方收容回填場</name>
      <description><![CDATA[
                <b>名稱:</b> 井垵坑洞剩餘土石方收容回填場<br/>
                <b>縣市:</b> 澎湖縣<br/>
                <b>類型:</b> 土資場-填埋型-<br/>
                <b>剩餘填埋量:</b> 45000.0<br/>
                <b>核准填埋量:</b> 100000.0<br/>
                <b>面積:</b> 8830.0<br/>
                <b>申報日期:</b> 2016-03-08 00:00:00<br/>
                <b>流向編號:</b> DLE17966<br/>
                ]]></description>
      <Point>
        <coordinates>23.5199899,119.5781019,0</coordinates>
      </Point>
    </Placemark>

    <Placemark>
      <name>鎖港坑洞剩餘土石方收容回填場</name>
      <description><![CDATA[
                <b>名稱:</b> 鎖港坑洞剩餘土石方收容回填場<br/>
                <b>縣市:</b> 澎湖縣<br/>
                <b>類型:</b> 土資場-填埋型-<br/>
                <b>剩餘填埋量:</b> 0.0<br/>
                <b>核准填埋量:</b> 500000.0<br/>
                <b>面積:</b> 52070.0<br/>
                <b>申報日期:</b> 2016-03-08 00:00:00<br/>
                <b>流向編號:</b> DLF07765<br/>
                ]]></description>
      <Point>
        <coordinates>23.5178621,119.6027024,0</coordinates>
      </Point>
    </Placemark>

    <Placemark>
      <name>佰歲興業股份有限公司</name>
      <description><![CDATA[
                <b>名稱:</b> 佰歲興業股份有限公司<br/>
                <b>縣市:</b> 桃園市<br/>
                <b>類型:</b> 土資場-加工型-砂石場<br/>
                <b>剩餘填埋量:</b> 0.0<br/>
                <b>核准填埋量:</b> 0.0<br/>
                <b>面積:</b> 10527.37<br/>
                <b>申報日期:</b> 2016-07-11 00:00:00<br/>
                <b>流向編號:</b> DLF15481<br/>
                ]]></description>
      <Point>
        <coordinates>24.9505567,121.1468418,0</coordinates>
      </Point>
    </Placemark>

    <Placemark>
      <name>樹林聯安營建廢棄物資源再利用處理場(益昇再利用股份有限公司)</name>
      <description><![CDATA[
                <b>名稱:</b> 樹林聯安營建廢棄物資源再利用處理場(益昇再利用股份有限公司)<br/>
                <b>縣市:</b> 新北市<br/>
                <b>類型:</b> 土資場-加工型-兼營混合物<br/>
                <b>剩餘填埋量:</b> 0.0<br/>
                <b>核准填埋量:</b> 0.0<br/>
                <b>面積:</b> 0.351306<br/>
                <b>申報日期:</b> 2016-03-07 00:00:00<br/>
                <b>流向編號:</b> DLJ09788<br/>
                ]]></description>
      <Point>
        <coordinates>24.990785028552,121.39687910643,0</coordinates>
      </Point>
    </Placemark>

    <Placemark>
      <name>愛文山土石方資源堆置場(第三期)</name>
      <description><![CDATA[
                <b>名稱:</b> 愛文山土石方資源堆置場(第三期)<br/>
                <b>縣市:</b> 台南市<br/>
                <b>類型:</b> 土資場-填埋型-<br/>
                <b>剩餘填埋量:</b> 0.0<br/>
                <b>核准填埋量:</b> 395860.0<br/>
                <b>面積:</b> 19.1091<br/>
                <b>申報日期:</b> None<br/>
                <b>流向編號:</b> DLJ16911<br/>
                ]]></description>
      <Point>
        <coordinates>23.080097115031,120.42265328257,0</coordinates>
      </Point>
    </Placemark>

    <Placemark>
      <name>城夆實業有限公司仁武廠僅收G027新建工程-土方工程</name>
      <description><![CDATA[
                <b>名稱:</b> 城夆實業有限公司仁武廠僅收G027新建工程-土方工程<br/>
                <b>縣市:</b> 高雄市<br/>
                <b>類型:</b> 土資場-加工型-砂石場<br/>
                <b>剩餘填埋量:</b> 0.0<br/>
                <b>核准填埋量:</b> 0.0<br/>
                <b>面積:</b> 0.0<br/>
                <b>申報日期:</b> None<br/>
                <b>流向編號:</b> DLJ31602<br/>
                ]]></description>
      <Point>
        <coordinates>22.703041337591,120.33563318949,0</coordinates>
      </Point>
    </Placemark>

    <Placemark>
      <name>赤崁坑洞剩餘土石方收容回填場</name>
      <description><![CDATA[
                <b>名稱:</b> 赤崁坑洞剩餘土石方收容回填場<br/>
                <b>縣市:</b> 澎湖縣<br/>
                <b>類型:</b> 土資場-填埋型-<br/>
                <b>剩餘填埋量:</b> 14000.0<br/>
                <b>核准填埋量:</b> 90000.0<br/>
                <b>面積:</b> 4160.0<br/>
                <b>申報日期:</b> 2016-03-08 00:00:00<br/>
                <b>流向編號:</b> DLK29727<br/>
                ]]></description>
      <Point>
        <coordinates>23.6633229,119.593723,0</coordinates>
      </Point>
    </Placemark>

    <Placemark>
      <name>炬昌建材股份有限公司</name>
      <description><![CDATA[
                <b>名稱:</b> 炬昌建材股份有限公司<br/>
                <b>縣市:</b> 宜蘭縣<br/>
                <b>類型:</b> 土資場-加工型-砂石場<br/>
                <b>剩餘填埋量:</b> 0.0<br/>
                <b>核准填埋量:</b> 0.0<br/>
                <b>面積:</b> 0.0<br/>
                <b>申報日期:</b> None<br/>
                <b>流向編號:</b> DLL27472<br/>
                ]]></description>
      <Point>
        <coordinates>24.7099,121.7286,0</coordinates>
      </Point>
    </Placemark>

    <Placemark>
      <name>建坤實業社</name>
      <description><![CDATA[
                <b>名稱:</b> 建坤實業社<br/>
                <b>縣市:</b> 宜蘭縣<br/>
                <b>類型:</b> 土資場-加工型-砂石場<br/>
                <b>剩餘填埋量:</b> 0.0<br/>
                <b>核准填埋量:</b> 0.0<br/>
                <b>面積:</b> 1.597<br/>
                <b>申報日期:</b> None<br/>
                <b>流向編號:</b> DMC01277<br/>
                ]]></description>
      <Point>
        <coordinates>0.0,0.0,0</coordinates>
      </Point>
    </Placemark>

    <Placemark>
      <name>宜宬開發有限公司</name>
      <description><![CDATA[
                <b>名稱:</b> 宜宬開發有限公司<br/>
                <b>縣市:</b> 宜蘭縣<br/>
                <b>類型:</b> 土資場-加工型-<br/>
                <b>剩餘填埋量:</b> 0.0<br/>
                <b>核准填埋量:</b> 0.0<br/>
                <b>面積:</b> 1.261<br/>
                <b>申報日期:</b> None<br/>
                <b>流向編號:</b> DMC12289<br/>
                ]]></description>
      <Point>
        <coordinates>24.595831455501,121.85485839843,0</coordinates>
      </Point>
    </Placemark>

    <Placemark>
      <name>輇鴻企業社</name>
      <description><![CDATA[
                <b>名稱:</b> 輇鴻企業社<br/>
                <b>縣市:</b> 宜蘭縣<br/>
                <b>類型:</b> 土資場-加工型-<br/>
                <b>剩餘填埋量:</b> 0.0<br/>
                <b>核准填埋量:</b> 0.0<br/>
                <b>面積:</b> 0.5428<br/>
                <b>申報日期:</b> None<br/>
                <b>流向編號:</b> DMC29134<br/>
                ]]></description>
      <Point>
        <coordinates>24.611734137045,121.83383256197,0</coordinates>
      </Point>
    </Placemark>

    <Placemark>
      <name>愛文山土石方資源堆置場第四及第五期</name>
      <description><![CDATA[
                <b>名稱:</b> 愛文山土石方資源堆置場第四及第五期<br/>
                <b>縣市:</b> 台南市<br/>
                <b>類型:</b> 土資場-填埋型-<br/>
                <b>剩餘填埋量:</b> 0.0<br/>
                <b>核准填埋量:</b> 185150.0<br/>
                <b>面積:</b> 35.5238<br/>
                <b>申報日期:</b> None<br/>
                <b>流向編號:</b> DMH01374<br/>
                ]]></description>
      <Point>
        <coordinates>23.080097115031,120.42265328257,0</coordinates>
      </Point>
    </Placemark>

    <Placemark>
      <name>央大處理場(系統測試用)</name>
      <description><![CDATA[
                <b>名稱:</b> 央大處理場(系統測試用)<br/>
                <b>縣市:</b> 桃園市<br/>
                <b>類型:</b> 土資場-加工型-砂石場<br/>
                <b>剩餘填埋量:</b> 0.0<br/>
                <b>核准填埋量:</b> 0.0<br/>
                <b>面積:</b> 1.5<br/>
                <b>申報日期:</b> None<br/>
                <b>流向編號:</b> DMH28425<br/>
                ]]></description>
      <Point>
        <coordinates>24.967813072636,121.19323253632,0</coordinates>
      </Point>
    </Placemark>

    <Placemark>
      <name>兆峰實業股份有限公司</name>
      <description><![CDATA[
                <b>名稱:</b> 兆峰實業股份有限公司<br/>
                <b>縣市:</b> 宜蘭縣<br/>
                <b>類型:</b> 土資場-加工型-砂石場<br/>
                <b>剩餘填埋量:</b> 0.0<br/>
                <b>核准填埋量:</b> 0.0<br/>
                <b>面積:</b> 1.7957<br/>
                <b>申報日期:</b> None<br/>
                <b>流向編號:</b> DMI23366<br/>
                ]]></description>
      <Point>
        <coordinates>0.0,0.0,0</coordinates>
      </Point>
    </Placemark>

    <Placemark>
      <name>宜興預拌混凝土股份有限公司聖湖土石碎解洗選廠</name>
      <description><![CDATA[
                <b>名稱:</b> 宜興預拌混凝土股份有限公司聖湖土石碎解洗選廠<br/>
                <b>縣市:</b> 宜蘭縣<br/>
                <b>類型:</b> 土資場-加工型-砂石場<br/>
                <b>剩餘填埋量:</b> 0.0<br/>
                <b>核准填埋量:</b> 0.0<br/>
                <b>面積:</b> 4.00538<br/>
                <b>申報日期:</b> 2017-07-19 00:00:00<br/>
                <b>流向編號:</b> DMJ07625<br/>
                ]]></description>
      <Point>
        <coordinates>24.593958410434,121.84867858886,0</coordinates>
      </Point>
    </Placemark>

    <Placemark>
      <name>基隆市信義區大水窟段月眉土石方資源堆置處理場(簡稱:月眉土資場)</name>
      <description><![CDATA[
                <b>名稱:</b> 基隆市信義區大水窟段月眉土石方資源堆置處理場(簡稱:月眉土資場)<br/>
                <b>縣市:</b> 基隆市<br/>
                <b>類型:</b> 土資場-填埋型-<br/>
                <b>剩餘填埋量:</b> 3408983.0<br/>
                <b>核准填埋量:</b> 8240036.0<br/>
                <b>面積:</b> 456150.45<br/>
                <b>申報日期:</b> 2015-10-13 00:00:00<br/>
                <b>流向編號:</b> DMJ30109<br/>
                ]]></description>
      <Point>
        <coordinates>25.1215318,121.7626775,0</coordinates>
      </Point>
    </Placemark>

    <Placemark>
      <name>宜興預拌混凝土股份有限公司聖湖土石碎解洗選廠</name>
      <description><![CDATA[
                <b>名稱:</b> 宜興預拌混凝土股份有限公司聖湖土石碎解洗選廠<br/>
                <b>縣市:</b> 宜蘭縣<br/>
                <b>類型:</b> 土資場-加工型-砂石場<br/>
                <b>剩餘填埋量:</b> 0.0<br/>
                <b>核准填埋量:</b> 0.0<br/>
                <b>面積:</b> 4.0<br/>
                <b>申報日期:</b> None<br/>
                <b>流向編號:</b> DMK22965<br/>
                ]]></description>
      <Point>
        <coordinates>0.0,0.0,0</coordinates>
      </Point>
    </Placemark>

    <Placemark>
      <name>英棟土石方資源堆置處理場</name>
      <description><![CDATA[
                <b>名稱:</b> 英棟土石方資源堆置處理場<br/>
                <b>縣市:</b> 雲林縣<br/>
                <b>類型:</b> 土資場-轉運型-<br/>
                <b>剩餘填埋量:</b> 0.0<br/>
                <b>核准填埋量:</b> 0.0<br/>
                <b>面積:</b> 16318.5<br/>
                <b>申報日期:</b> 1900-01-01 00:00:00<br/>
                <b>流向編號:</b> DNB07466<br/>
                ]]></description>
      <Point>
        <coordinates>23.6400674,120.2342446,0</coordinates>
      </Point>
    </Placemark>

    <Placemark>
      <name>均泰實業股份有限公司(台中市神岡區豐洲國民小學多功能活動中心興建工程ENB08072)</name>
      <description><![CDATA[
                <b>名稱:</b> 均泰實業股份有限公司(台中市神岡區豐洲國民小學多功能活動中心興建工程ENB08072)<br/>
                <b>縣市:</b> 台中市<br/>
                <b>類型:</b> 土資場-填埋型-<br/>
                <b>剩餘填埋量:</b> 0.0<br/>
                <b>核准填埋量:</b> 0.0<br/>
                <b>面積:</b> 2.0<br/>
                <b>申報日期:</b> None<br/>
                <b>流向編號:</b> DNB08577<br/>
                ]]></description>
      <Point>
        <coordinates>24.262243711891,120.70404052734,0</coordinates>
      </Point>
    </Placemark>

    <Placemark>
      <name>大都會工程有限公司-台南市新化區太子廟段117-2,118,119,120,121地號土資場</name>
      <description><![CDATA[
                <b>名稱:</b> 大都會工程有限公司-台南市新化區太子廟段117-2,118,119,120,121地號土資場<br/>
                <b>縣市:</b> 台南市<br/>
                <b>類型:</b> 土資場-加工型-兼營混合物<br/>
                <b>剩餘填埋量:</b> 4263.62<br/>
                <b>核准填埋量:</b> 8599.0<br/>
                <b>面積:</b> 11159.0<br/>
                <b>申報日期:</b> 2016-09-10 00:00:00<br/>
                <b>流向編號:</b> DNC21520<br/>
                ]]></description>
      <Point>
        <coordinates>23.058923976612,120.32771587372,0</coordinates>
      </Point>
    </Placemark>

    <Placemark>
      <name>蘭陽溪砂石商行有限公司</name>
      <description><![CDATA[
                <b>名稱:</b> 蘭陽溪砂石商行有限公司<br/>
                <b>縣市:</b> 宜蘭縣<br/>
                <b>類型:</b> 土資場-加工型-砂石場<br/>
                <b>剩餘填埋量:</b> 0.0<br/>
                <b>核准填埋量:</b> 0.0<br/>
                <b>面積:</b> 19.76<br/>
                <b>申報日期:</b> 2017-06-30 00:00:00<br/>
                <b>流向編號:</b> DND02350<br/>
                ]]></description>
      <Point>
        <coordinates>24.733111597776,121.66809082031,0</coordinates>
      </Point>
    </Placemark>

    <Placemark>
      <name>愛文山土石方資源堆置場(第六期及第七期)</name>
      <description><![CDATA[
                <b>名稱:</b> 愛文山土石方資源堆置場(第六期及第七期)<br/>
                <b>縣市:</b> 台南市<br/>
                <b>類型:</b> 土資場-填埋型-<br/>
                <b>剩餘填埋量:</b> 0.0<br/>
                <b>核准填埋量:</b> 175343.0<br/>
                <b>面積:</b> 29.2223<br/>
                <b>申報日期:</b> None<br/>
                <b>流向編號:</b> DND14170<br/>
                ]]></description>
      <Point>
        <coordinates>23.079100073961,120.44157028198,0</coordinates>
      </Point>
    </Placemark>

    <Placemark>
      <name>白乳山土石方資源堆置處理場</name>
      <description><![CDATA[
                <b>名稱:</b> 白乳山土石方資源堆置處理場<br/>
                <b>縣市:</b> 金門縣<br/>
                <b>類型:</b> 土資場-轉運型-<br/>
                <b>剩餘填埋量:</b> 140000.0<br/>
                <b>核准填埋量:</b> 244000.0<br/>
                <b>面積:</b> 90000.0<br/>
                <b>申報日期:</b> 2016-08-01 00:00:00<br/>
                <b>流向編號:</b> DNE22751<br/>
                ]]></description>
      <Point>
        <coordinates>24.43530908,118.36197064,0</coordinates>
      </Point>
    </Placemark>

    <Placemark>
      <name>新又昌企業社-仁德區二橋段177，178、179、179-1、179-2、172-1地號土資場</name>
      <description><![CDATA[
                <b>名稱:</b> 新又昌企業社-仁德區二橋段177，178、179、179-1、179-2、172-1地號土資場<br/>
                <b>縣市:</b> 台南市<br/>
                <b>類型:</b> 土資場-加工型-兼營混合物<br/>
                <b>剩餘填埋量:</b> 0.0<br/>
                <b>核准填埋量:</b> 0.0<br/>
                <b>面積:</b> 15518.0<br/>
                <b>申報日期:</b> 2024-07-01 00:00:00<br/>
                <b>流向編號:</b> DNF04025<br/>
                ]]></description>
      <Point>
        <coordinates>22.9176299,120.2419865,0</coordinates>
      </Point>
    </Placemark>

    <Placemark>
      <name>員山窯業股份有限公司</name>
      <description><![CDATA[
                <b>名稱:</b> 員山窯業股份有限公司<br/>
                <b>縣市:</b> 宜蘭縣<br/>
                <b>類型:</b> 土資場-填埋型-<br/>
                <b>剩餘填埋量:</b> 0.0<br/>
                <b>核准填埋量:</b> 0.0<br/>
                <b>面積:</b> 1.879<br/>
                <b>申報日期:</b> None<br/>
                <b>流向編號:</b> DNI04611<br/>
                ]]></description>
      <Point>
        <coordinates>0.0,0.0,0</coordinates>
      </Point>
    </Placemark>

    <Placemark>
      <name>嘉寶營建剩餘土石方資源處理場</name>
      <description><![CDATA[
                <b>名稱:</b> 嘉寶營建剩餘土石方資源處理場<br/>
                <b>縣市:</b> 新北市<br/>
                <b>類型:</b> 土資場-加工型-砂石場<br/>
                <b>剩餘填埋量:</b> 0.0<br/>
                <b>核准填埋量:</b> 0.0<br/>
                <b>面積:</b> 3257.0<br/>
                <b>申報日期:</b> 2014-12-29 00:00:00<br/>
                <b>流向編號:</b> DNL31071<br/>
                ]]></description>
      <Point>
        <coordinates>25.1217463,121.3315141,0</coordinates>
      </Point>
    </Placemark>

    <Placemark>
      <name>連江縣北竿鄉營建土資場</name>
      <description><![CDATA[
                <b>名稱:</b> 連江縣北竿鄉營建土資場<br/>
                <b>縣市:</b> 連江縣馬祖<br/>
                <b>類型:</b> 土資場-填埋型-<br/>
                <b>剩餘填埋量:</b> 189140.0<br/>
                <b>核准填埋量:</b> 200000.0<br/>
                <b>面積:</b> 49998.0<br/>
                <b>申報日期:</b> 1900-01-01 00:00:00<br/>
                <b>流向編號:</b> DOA08483<br/>
                ]]></description>
      <Point>
        <coordinates>222.0,222.0,0</coordinates>
      </Point>
    </Placemark>

    <Placemark>
      <name>連江縣東引鄉營建土資場</name>
      <description><![CDATA[
                <b>名稱:</b> 連江縣東引鄉營建土資場<br/>
                <b>縣市:</b> 連江縣馬祖<br/>
                <b>類型:</b> 土資場-填埋型-<br/>
                <b>剩餘填埋量:</b> 98229.0<br/>
                <b>核准填埋量:</b> 100000.0<br/>
                <b>面積:</b> 15509.0<br/>
                <b>申報日期:</b> 1900-01-01 00:00:00<br/>
                <b>流向編號:</b> DOA13539<br/>
                ]]></description>
      <Point>
        <coordinates>222.0,222.0,0</coordinates>
      </Point>
    </Placemark>

    <Placemark>
      <name>連江縣莒光鄉(東莒)營建土資場</name>
      <description><![CDATA[
                <b>名稱:</b> 連江縣莒光鄉(東莒)營建土資場<br/>
                <b>縣市:</b> 連江縣馬祖<br/>
                <b>類型:</b> 土資場-填埋型-<br/>
                <b>剩餘填埋量:</b> 95863.0<br/>
                <b>核准填埋量:</b> 100000.0<br/>
                <b>面積:</b> 5608.0<br/>
                <b>申報日期:</b> 1900-01-01 00:00:00<br/>
                <b>流向編號:</b> DOA23674<br/>
                ]]></description>
      <Point>
        <coordinates>222.0,222.0,0</coordinates>
      </Point>
    </Placemark>

    <Placemark>
      <name>天邑營建賸餘土石方資源再生處理場</name>
      <description><![CDATA[
                <b>名稱:</b> 天邑營建賸餘土石方資源再生處理場<br/>
                <b>縣市:</b> 台北市<br/>
                <b>類型:</b> 土資場-轉運型-<br/>
                <b>剩餘填埋量:</b> 0.0<br/>
                <b>核准填埋量:</b> 0.0<br/>
                <b>面積:</b> 3125.0<br/>
                <b>申報日期:</b> 2015-10-16 00:00:00<br/>
                <b>流向編號:</b> DOC10111<br/>
                ]]></description>
      <Point>
        <coordinates>25.105325,121.49293,0</coordinates>
      </Point>
    </Placemark>

    <Placemark>
      <name>華冠賸餘土石方資源場</name>
      <description><![CDATA[
                <b>名稱:</b> 華冠賸餘土石方資源場<br/>
                <b>縣市:</b> 台北市<br/>
                <b>類型:</b> 土資場-轉運型-<br/>
                <b>剩餘填埋量:</b> 0.0<br/>
                <b>核准填埋量:</b> 0.0<br/>
                <b>面積:</b> 3455.0<br/>
                <b>申報日期:</b> 1900-01-01 00:00:00<br/>
                <b>流向編號:</b> DOC17717<br/>
                ]]></description>
      <Point>
        <coordinates>25.1209036,121.4971108,0</coordinates>
      </Point>
    </Placemark>

    <Placemark>
      <name>崩塌土石或土石流</name>
      <description><![CDATA[
                <b>名稱:</b> 崩塌土石或土石流<br/>
                <b>縣市:</b> 請選擇<br/>
                <b>類型:</b> 專設場-填埋型-<br/>
                <b>剩餘填埋量:</b> 0.0<br/>
                <b>核准填埋量:</b> 0.0<br/>
                <b>面積:</b> 0.0<br/>
                <b>申報日期:</b> None<br/>
                <b>流向編號:</b> LANDSLIDE<br/>
                ]]></description>
      <Point>
        <coordinates>0.0,0.0,0</coordinates>
      </Point>
    </Placemark>
  </Document>
</kml>